,Prediction,Truth,Phrase
4,0,1,"Cruising in my go kart at walmart selling cupcakes, go ahead admit faggot, this shit is tighter than butt rape~"
5,1,0,@passIt2Liv Hit a bitch it's not like you can see the bruises
21,0,1,@NotoriousBM95 @Buckm00se fucking stupid crackers
27,2,1,RT @ChaRLeZHuSsLe81: Candy Corn &amp; Peeps Are Hoe Candy &#8220;@SimplySoulful: &#8220;@FrancisJstn: Candy Corn Trash&#8221; super trash&#8221;
29,2,1,@sluttyboy_kush I guess you used to getting bitch cause idk anybody that Juss let ppl disrespect them n just sit there. Thts how all this
33,2,1,JJ Watt was on his grown man shit all night.. Now let's get it #Yankees
37,0,1,"RT @rustymk2: Not. A. Fucking. Charge. Even. As. A. Juvenile. 

If you call #MichaelBrown a thug at this point, just say ""nigger"" cuz it's &#8230;"
38,0,1,@cameron_ast @lanahudsonnn bitch and the fuck u wanna do about then nigga stfu talking and do something
41,1,0,@samzbikowski some negro amigo pulled a gun on Nate and I a few weeks ago. I was STOKED!&#128299;&#128299;&#128299;
46,0,1,"I hope you don't get mad, ladies. I only call you bitches 'bitches' bc I don't know your names individually. -Katt Williams @LetMicahDown"
48,0,1,Nigga Tyrese on Walking Dead is a bitch smh
50,0,1,@Bill215_: &#128175;&#128175;&#128175; RT @nel_ayden Bitches be wanting to act like niggas so bad &#128553;&#128553;&#128553; that shit aint cuteeeee but niggas act like bitches..
54,2,1,@REM_2014 biiiiiiiitch don't start with this again haha my niggggg grandma come over hoe!! If ya want I'll try to scoop ya up today if ya
68,2,1,@On_Point_Prg @Fempop @WendyDavisTexas Did you take a picture of your pussy I hope you super sized it because it's huge grand canyon size
74,0,1,That's a legal tackle faggot RT @PP_Rich_Hill: Seriously? http://t.co/lMyhrBKxZX
77,0,1,Wilson a hoe he said that shit 2 years ago
80,0,1,if a girl a hoe but she aint stealing anyones man then stfu
86,0,1,"RT @JudgmentalGay: Best friend being a hoe: yaaas hunty hoe it up slaaaayy

Stranger being a hoe: you're so trashy. You're what's wrong wit&#8230;"
95,0,1,@cameron_ast @lanahudsonnn @ijrojo bitch shut the fuck and follow what u say nigga
99,0,1,"Niggas be pressed for pussy, Eeeeeen nothin"
100,0,1,"@OurCofE An end to the ordination of women and faggots, whose only aim is to weaken and split our communion."
108,2,1,"Having hoes not cool, That one will be better than all them thots"
121,0,1,@joshkline1992 that's my nig nog
128,0,1,Can't stand a nigga that curve his boys for some hoes
131,0,1,Everyone that says #LetsMakeItAwkward is a queer. #JustMadeItAwkward
135,2,0,RT @cigarsNscotch: What's black and yellow and not going to win this year? WRONG! The answer is Tiger Woods.
139,1,0,@ItsYOUR_man nothin much cousin touching white trash wigger wannabe bitch boy dick sucking fucking gay bitch
141,0,1,I think all y'all losing y'all niggas Cuz the season changed y'all seasonal hoes &#128557;
153,1,2,"RT @michaelpshipley: Martin Short On - CONAN - Oct 3, 2014

""With your yellow skin and red hair you look like a #2 pencil.""

https://t.co/U&#8230;"
157,0,1,RT @_indylovee: these bitch niggas couldn't live my cold life$tyle&#128184;&#128080;&#128523;
161,0,1,@Lion_of_Gray @roodawg1971 @mrfayoh @khanye_s @sas2afoundation here's my opinion on the matter..... She's a cunt.
168,0,1,@kinkymuslim bitch music
172,2,1,&#8220;@MutateRoos: You can be Seminoles but not redskins? K&#8221;Seminole tribe got an agreement with them..fsu pay them to use the name
182,2,1,"You can take someone out of the ghetto, but you can't take the ghetto out of them."
183,0,1,RT @LivingLegend10: &#8220;@_herLIPStho: &#8220;@keepupwithle: She got the body of a faggot . http://t.co/XkyO6DrMsH&#8221; &#128553;&#128557;&#8221;&#128557;&#128557;&#128557;&#128557;&#128557;&#128557;
184,0,1,If you hoes stop shaving I'm running around spraying nair on all of y'all.
186,1,2,"@ilovemytroops @SenatorTimScott I see. So you feel betrayed, your racism comes out. Shocked you didn't call him Uncle Tom you bitter loser"
197,2,0,RT @frankthetank215: There might be a couple cotton pickers on the spurs but they all play unselfish white man basketball
200,0,1,@garrett_winker bitch shut yo little ass up fucking no color emo faget ads nigga u call me dumb but u don't know shit
206,0,1,@kieffer_jason @hunterbuch66 @sbsylvester but yo scary ass don't want to see me tho stfu talking am u know where I be at pussy boy
212,0,1,&#8220;@chloekosik: I DONT FUCK YOUUU u lil stupid ass bitch I AINT FUCKIN WIT YOU u lil dumbass bitch I AINT FUCKIN WIT YOU&#8221; @kaylamauser_
214,0,1,RT @Ribo333: @secupp your retarded
217,2,1,RT @ShitPussiesSay: Lets butt chug Mikes Hard Lemonade
243,2,1,Suck my super monkey balls
251,2,1,RT @HawkinsUSA: Party of Racists just elected a black dude in the South. The party of War on Women just elected first ever woman in redneck&#8230;
252,1,2,@emmysetter14 dayum saterlyt shoz un bayg ho-ul
253,0,1,Real niggas let real bitches come &#128070;
257,1,0,Awk... U don't like your own nephew / cousins bc our race.. LMAO broke ugly bitches fuck them we don't need them
260,0,1,A lot of you niggas turned these bitches into sketch ass bitches
266,1,0,"RT @ThatBajanKidd: #NeverAskABlackPerson if her hair is hers . she will hit you with a ""bitch i bought it , so it's mine"" ."
273,2,1,"Search the terms ""Obama"" and ""Twinkie"" and get a bunch of people rehashing the same handful of jokes while having no idea why Hostess failed"
279,0,1,This bitch is stupid. -.-; Anti Feminist: http://t.co/vsgCwtn4j6 via @youtube #dumbass #blndsundoll4mj
283,2,1,RT @MensHumor: One man's trash is another man's girlfriend.
291,1,2,RT @hoadie1006: #vermontgirlsbelike my hick accent comes out when I get around my family #vermontproblems @THISISVT
299,0,1,The guys at LA fitness are such fags &#128514;&#128557;
307,1,0,RT @MyFriendsRap: You hoes need to stop dressing y'all kids as Migos and Rappers that y'all fucked. Lil nigga just wanted to be a power ran&#8230;
308,1,0,@DevilFzyq @DevilElyie @TehDevilClan shut up fag
313,2,1,"wishing I could high five whoever named a species of birds ""great tits"""
319,0,1,@BrendaGisselCA I'm not Mexican enough for the real beaners yet too Mexican for the Americanized beaners :(
322,0,1,@bbluedreamm @kelliestebbins how original you faggots&#128530;&#128557;
323,2,1,@lexipost30 because she a typical ghetto girll.
324,2,1,RT @quirkisms: Jeter to A-Rod. From class to trash.
325,2,1,Life is a bitch but every dog has its day
332,0,1,@__Sugga: There's a lane some bitches need to stay in &#128526; the left n get right the fuck outta our face &#128557;&#128129;&#128536;
335,0,1,If I don't like that hoe I turn her ass into a frisbee
348,2,1,"But you love me, you don't wanna be with nobody else, blah blah.. Bullshit fa the birds.."
351,1,0,RT @PluggedInPiff: Green azz niggas!!!! &amp; yall new bitches condone dat sucka activity dat why they keep doin it!!!
360,0,1,"&#8220;@itslizkhalifa: If pussy is just pussy to you, you a nasty ass nigga.. Hope you get aids &#128553;&#8221; bit harsh. Rethink that statement"
366,2,1,RT @DBlockDeuce_215: It's about that time of the year when all the Lightskin hoes who swore they was brown cuz of they summer tan come back&#8230;
368,1,0,Next time u gone call a darky a nicca..call dat coon a jungle bunny#Boondocks P.S. I... http://t.co/ug647wUIE4
370,1,2,People who don't put their blinkers on seriously just need to crash into a pole or something &#128548; #moveoutmyway#bitch
374,0,1,&#8220;@DavetheBrave1: I wish you were here...&#8221; Stop crying bitch I'm omw back already haha
381,0,1,RT @MANIAC3X: Lmaooo The Cleveland G00n sent DRose to hell last night in his own home and this faggot @NotoriousBM95 disappeared
382,1,0,RT @A1lovely_: At least i say im crazy...some nigga gotta find out a bitch wild when she shooting at they ass &#128514;
383,0,1,@austinrea_ @sbsylvester @hunterbuch66 @kieffer_jason bitch that's wtf I just said and its not Christopher it's Chris mf
385,0,1,"My lil cousin be hating. Bitches always want the older nigga, not my fault nor did I fuck the bitch so chill..lol"
388,2,1,My dumbass has a redskins mcnab jersey
391,1,2,"@spence1reed_ bro , i heard slaughter songs .. they all trash .. they just freestylers"
403,0,1,@_BaDa_Bing: I only punch real niggas in the face cause a pussy Nigga is gonna punch me right back Strong Mush or Shake..
409,1,2,1-800-slap-a-hoe
422,2,1,"RT @Ratchet2English: a girl tweeted ""you might be ghetto if u bring food from outside into the movies""

no u might be stupid if u pay 4.99 &#8230;"
423,0,1,Pop that pussy for a real nigga
430,0,1,@sbsylvester how could I be a fag? But I like bitches please tell me
432,0,1,Gay ass hillbilly intro song
434,0,1,"@MorganSmith_20 unfortunately you are correct sir , still eat shit and die though ....bitch :)"
435,0,1,RT @TalkHawkz: KMM get a fucking trash can on your head.
437,0,1,@BeenBasedB do this nigga think he mick foley ?
438,0,1,"RT @FemsHaveBallz: LOL at my mentions 

Liberal1: you're a racist bitch

Liberal2: yeah kill all whites

(Liberal1 is white)

Liberal1: Not&#8230;"
452,0,1,' when it comes to pussy I have no fucking friends' - hostel iii is really what we're watching right now
457,0,2,Bigots demand recount in #Idaho #gay rights ordinance referendum http://t.co/TorYEXxMwi #tcot #teaparty #teabaggers #lgbt
461,2,1,"I wish, I wish, I wish, I wish, I wish, I wish a bitch would.. Cept she already did, gonna have to handle this &#128522;"
468,2,1,@PlasticDom can we plz go to Starbucks and do that. Ebola sounds like a really ghetto hood name tbh.
469,2,1,&#128588; RT @iDO_me2: this vodka be having all the hoes bent over&#128553;&#128131;
470,0,1,I just be fucking these bitches these niggas be cuffin these hoes
475,0,1,RT @shananigans__: 50 shades of shut your bitch ass up
479,0,1,@JaiBrooks1 ugly goldigging cunt u probably have an uncircumcised penis faggot
487,0,1,RT @chillvitooo: &#8220;@__KillSwitch: Nigga damn &#128556;&#128563; https://t.co/m7gExESuag&#8221;LMFAO Dej Loaf got all these bitches getting TRYED&#128557;&#128557;&#128557;&#128557;&#128557;
488,2,1,RT @AshleighRollin: &#8220;@ViriDoesItt: Kissin small lips is trash lol..&#8221; Trash
491,0,1,@Miss_Didi23 @LINDNLD @KLSouth shut up you nappy headed hoe
492,0,1,"@1SonofYahweh he aint a real nigger, oh my bad a real nigga, but praise the sonsof satan for having not a realnigger qualitaties. Im hating?"
497,0,1,"RT @YaBoyMJ23: rt for mj 
fav for a bitch nigga http://t.co/y4yIc38qWS"
501,0,1,@CheyenneDoan cause hes a faggot
508,2,1,"@BlackManUSA You're killin' me man! &lt;3 Not all conservatives are racists, just like not all NBP hate honkies."
510,0,1,@dablueprint fuck no she dont let nobody hit that pussy either I know it's firm
512,1,0,Dani Alves pulled off that hairstyle. Neymar just looks like a faggot
513,2,0,"It's time to mock ""Halftime in America."" How 'bout ""Wake up America,"" we have radical leftists running the country. http://t.co/9Eyi0K8w"
516,0,1,Nigga payback's a bitch..!
519,2,0,California is home to skater trash.
521,1,0,Need a bitch to drop it down for a niggah
524,0,1,@alesiahenderson wat a faggot
531,0,1,I hate when those little white kids try and act black. Like bitch YOU ARE WHITE
532,1,2,Yall know Skip Bayless is about to slit his wrists over Romo! Lol
542,0,1,Drop it down for a niggah
546,0,1,@shaunroberts the ending was retarded
557,0,1,RT @RichgurlTira: These hoes will fake like they really f*ck with you but be hating on you lowkey
574,2,1,Me n niccas ya type Neva exchange #'s .. Wanna talk down n still gain from us!
578,0,1,"jooooooked out RT @topmodelciara: &#8220;@11wdNICK: 4 old hoes, a ponk, and a dyke outchea having ""girl talk""&#8221;LMAO"
580,0,1,@ashleyrike sick bitch!!
583,0,1,"How I'm supposed to know you not just a butch dyke if yeen got a beard, my man?"
584,0,1,Lil dumb ass bitch I ain't fucking with you
590,0,1,Y'all bitches better stop the madness .....
598,0,1, we dont trust these niggas all these bitches 
607,0,1,Ugly ass hoe wanna be me so bad bitch gone on &#9996;&#65039;
614,2,1,"but i do know one thing though, bitches they come they go, Saturday through Sunday monday, monday through sunday yooooo #superman"
618,2,1,@shawnpitts77 all I wear is vineyard vines and American flag chubbies. I'm the OPPOSITE of a wigga.
628,0,1,"RT @sugaarCanee: Hoes be like ""go talk to one of your hoes"".... I be like ""you are one of my hoes"""
630,0,1,I'm in this bitch &#128563;&#128563;&#128563;&#128563; like a mf &#128514;&#128514;&#128514;&#128514;&#9996;&#65039;&#127811;&#128080;&#128168;
631,2,1,Da fuq ho
632,1,0,RT @DRNRDX: @BrandonFxrd you're not safe pussy boy looooool http://t.co/TocJ1WxRYK
633,1,2,RT @LOHANTHONY: i'd never send my kids to private school because then they would never experience ghetto public school fights
634,2,1,RT @Yaremisxo: You hoes ain't worth losing sleep over
637,0,1,Lame niggas trash.
639,0,1,Y'all entertained by these bitch az niggas hitting women? Smh Who raised you?
642,0,1,@CharlseyKay Homeee fag
645,2,1,"@Mr_Lewis_ @brookebrooklyn_ ohh yaa, he wants Brooke to be his pinkie toe so he can bang it on the coffee table. What a twat!! Lol"
655,0,1,Up early on Dat good dope wit my niccas!
660,0,1,Honkey ass bitch tryna tell me shit.
667,0,1,Fuck all u stupid hoes #idgafmode
669,0,1,RT @burnthewitchxo: I probably am mentally retarded
672,1,2,RT @LiveAndUncut: When I say Tainted I don't necessarily mean hoe or scandalous. It could be a number of things.
674,0,1,Got a red ass bitch wid a red ass pussayyy
682,0,2,@ACMobbDeep @madsbennett yeah I run over squirrels and coons
684,0,1,RT @Mr_JSmart24: Twitter was fye when niggas used to go in on Trending Topics&#8230;now its just recycled tweets and hoes screaming they want loy&#8230;
686,2,1,Females talk down on niccas when I can point out a few females who be on that tip!!
687,0,1,RT @Jawdan__: You're a faggot if you ever had the Kim Possible BBM notification
709,0,1,"@iLGDaily: And smoke weed in public, fuck cops man, do what you wanna do, they don't own you, run if they come are you retarded?"
720,2,1,Simply cani deal with a confrontation so I just back away when cunts get aw nasty towards me.. Changed a lot in the past few years tbh
721,2,1,&#8220;@JestonaeLives: Burnt pussy lips - &#128514;&#128514;&#128514; https://t.co/1WhgfzBUkR&#8221; gal in the blue throwing it &#128527;
724,0,1,RT @donnyoraha: Dont fucks with u hoe
726,0,1,RT @BasedPaco: lol Lebron bitch ass always making a spectacle look at me ass nigga
730,0,1,bruh YouTube a bitch ass nigga bruh on me bruh.
734,1,0,RT @librarianknight: More queer lady Templars. That's my point.
735,2,1,Sometimes u gotta knock a nicca out tho #IJS #FreeCB
736,2,1,&#8220;@SouthsideVic: What if pussy treated condoms like cars treat seatbelts and kept beeping until u put it on?&#8221; &#128514;&#128514;
757,1,2,They use to call my mom Japs when she was younger. Lol Asian racial slurs.
764,0,1,dat mean u ugly hoe if only getting fuck doggie style &#128553;&#128553;&#128514; #plies hot nigga http://t.co/VsOqnUoh5V
767,0,1,"""You're fucked up"" 
No shit you dumb ass cunt now go post pictures if your flat ass titties on ig slut"
769,0,2,&#193;lbum de fotos: csitaly: [TS3]Fairy Tail - Satan Soul Mirajane Strauss made with The Sims 3. Happy... http://t.co/b4i8EiMux2
783,0,1,"&#8220;@VishalDaGod: fuck a #WCW dats my bitch , not my crush&#8221;"
794,0,1,I moved that niggah anyways.
796,2,1,RT @hollygolawly: Can't wait to eat #metropole @21cCincinnati and see my @21cLouisville friends! Bring on those damn yellow penguins!#ro ...
813,0,1,@ozzie_garza: @white_thunduh I'm about to cool faggot chill tf is cool nigga
818,1,0,they're working on a bill to prevent retards from voting. who knew retards COULD vote? things are starting to make sense now.
822,0,1,@monetkittrell all this spaceship shit is retarded.
830,0,1,"RT @DejaHiott: Fuckin ignorant ass niggas. Don't dm me a video of you counting money n say ""why u so stuck up"" bitch...&#128528;"
836,0,1,"RT @__prvncesssss: ""@lilnas_: Niggas bitches getting exposed&#128514;&#128514;&#128514;&#128553;""&#128555;&#128555;&#128555;&#128555;&#128555;"
841,1,2,"Pm is u use any of the words I use (ex. Sweg,pm,yid,nid) we're dating"
845,0,1,RT @uhfrocircus: This is the life nigger
850,0,1,"Nigga you made it RT @HtownsNuNu: Nigga we made it..&#128588;&#128588;""@viaNAWF: Best rider? That goes to a blaxican."""
858,2,1,@_Djweezlove not what I said . I want a DJ to mix the track regardless for their own use ! The video gon be dumb retarded with the reg versi
865,0,1,RT @tailorlamar: yall niggas is hoes.
875,0,1,RT @b0ss561: If you're gonna smoke weed then do you but alcohol is just stupid you faggots are getting more stupid drinking it
889,0,2,RT @WashTimes: John Kerry caught appearing to mock Israel&#8217;s &#8216;pinpoint&#8217; operation in Gaza - http://t.co/3yqFR9LZsR #Israel #Gaza http://t.co&#8230;
892,0,1,"RT @BlackRichyRich: Every nigga
New hoe is 
Da next niggas old hoe"
893,0,1,"Stop hatin niggah , I got ya girlfriend callin you a hater niggah &#128514;&#128514;&#128514;"
898,0,1,Speak to my face you fake bitches.
900,0,1,Every half-breed cop in America is trying to rape white women.
907,0,1,"Mary Jane is a dumb bitch
Peter has a job saving the city as Spiderman and she's bitching about how he hasn't came to her play"
912,0,1,RT @thiizz_: &amp; fuck these bitches
913,2,1,@UnicornCowboy @Lvl_7_Eevee @hisorraya mutha fuckahs better bring me all the brownies ever!
918,2,1,RT @nicky0472: @rickahyatt @1visionamd who better 2 b the Manchurian candidate. Think abt it we bitch abt his policy and he screams racism.&#8230;
926,2,1,eww I hate how bitches dress sometimes
929,2,1,@BMS_ThadCastle this account is so incredibly retarded.
931,0,1,You just salty you ugly and white RT @JayWiz614: @ItsNotHarold they all some hoes
938,0,1,&#8220;@LanaeCute_ass: My bitch bad she's a Puerto Rican &#128527;&#128540;&#8221;what song is that
941,0,1,"Im retarded for real, im sitting here getting mad thinking my daughter ignoring me then I remember she aint here."
951,2,1,Dem niccas run plays too quick
953,0,1,"@FusionRocks @jumabr 
I likes me dem Mexican hoes. Day suck me off for 5 dollas"
954,2,1,Some rednecks just raced down the freeway &gt;_e
956,0,1,@mayhemmiller faggot
958,1,0,Seeing ugly bitches get pregnant let's me know that nigga swill fuck anything with a pussy. Alcohol is no longer the excuse. You was pressed
963,0,1,RT @Poochda63: They're YOUNG LADIES RT @BodiedXO: @Poochda63 you got hoes
976,0,1,This bitch bout to make me commit murder &#128299;&#128298;&#128074;
978,0,1,RT @MitchVorce: Bastino is my niggah&#128661;
980,0,1,"That would be so weird and uncomfortable working at one of those whore coffee stands.Like I would freeze my ass off, those bitches get naked"
982,0,1,@Tamela_X But a wannabe ghetto white girl will deal with an unaccomplished black man for more than sex.
984,0,1,I want to paint but faggot won't paint with me...
996,0,1,#11 get to hit any bitch on campus he wants to
998,0,1,RT @d1_imaginary23: Boys get thirsty and grimey for a girl no pussy getting ass niggas
1009,2,1,Detroit nicca but I'm good in the A!!
1019,0,1,RT @HeIsMe_IAmHim: Cause lord know if another bitch call yo nigga handsome and he entertain it ALL HELL gonna break loose...
1026,2,0,pure trash http://t.co/A2RbVEBeg1
1029,0,2,"My Hawaiian thought of the day, No Aloha for muzzie pigs, EVER!"
1033,1,2,Sighs of relief from Beijing Guoan fans &amp; #China's govt as club nips Japanese rival 2-1 in tense match: #football http://t.co/EesEOR7Iba
1037,2,1,Chiefs fans are the only ones that claim my takes are wrong about Dogshit trash Quarterback Alex Smith.
1045,1,0,"RT @Coolie_GBE300: It's 2014 &amp; you niggas still runnin round sayin ""Yall don't eat pussy"". Y'all must be suckin dick."
1050,0,1,&#8220;@FliirtNextDoor: If yo pussy stank ; u wasn't raised correctly&#8221;lmao
1052,0,1,@PraviKingDino you like men faggot.
1055,2,0,Ayy Carlton is a ghetto school now #SwitchedAtBirth
1056,0,2,@NeonTreezz @PoCBeauty ......so.....white people selling #African art? NOT COOL? Okay. #blackish #redskins #doublestandard
1058,2,1,Nobody on planet Earth more protective than bull dykes
1059,0,1,"&#8220;@cooney_mane: @BrianMC630 ""they played a great job"" who's the retard now?&#8221;

&#128514;&#128514;&#128514;"
1067,0,1,RT @Dewis14: @H_ToTheOV @dbrad_80 @Coleduff24 @Peckadelic @bgulll1611 you're all pussies. Only men throw whammers in their assholes
1070,2,1,Oklahoma has 250 more yards than TU and is only up 4 points? trashhhhhhhh ass teams big xii trash
1082,1,2,RT @BirdGang316: If you a bird throw it up #birdgang #EaglesNation
1086,0,1,All these so called real niggas and they hoes aint nuttin but some massah luvin uncle toms &amp; aunt jamammi's fakin da funk.
1087,2,1,I just can't imagine myself being albino haha
1091,0,1,"Scary bitches on Twitter never @ the nigga the have a crush on, always on some ""oomf"" shit"
1092,2,1,RT @wojtata: Huntley High School is the most retarded high school ever.
1094,2,1,"hey im not bragging but im like the best at haggling, you know I got that cash, capitalism, ho! #receatter #indiegamepickuplines"
1100,0,1,Fucking hate ghetto girls I swear bruh
1101,0,1,@HoskinsTy96 @saambrowning and retarded
1102,0,1,When bitches I work with are on there period ...
1103,0,1,@Gorillaleo fuck your chicken sandwich ho!!!
1114,0,1,my drugs are green my bitches white
1126,2,1,RT @Now_Thats_Fresh: Any song with Tyga in it is trash
1128,1,0,Literally every man in my fam copped a bad white bitch as a wife. I ain't even boutta break da chain. Unless a latina comes around
1133,0,1,"Indirect ass little bitches, like you know my fucking number and where I live."
1134,2,1,"&#8220;@TheDukeKnight: Typical hoe costumes:
1. Cat
2. Nurse
3. Bunny
4. Police officer
5. Themselves&#8221;&#128129;"
1138,0,1,When a real niggah want you
1144,1,2,RT @CyFyre: @WesOrrJames love you too my nig #squad
1146,0,1,@cj_menaa1 &#128553;&#128553;&#128514;&#128514; nigga doing the duggy on dem dead hoes lol
1148,2,1,Knowing what you want doesn't make you a bitch. It makes you a woman who won't settle for anything less than what she deserves.
1154,2,1,"@KenSuttling @LesleySuttling Him as well, They like their fried chicken,esp the spear chuckers."
1156,0,1,"These hoes be flawgen i swear bruh, a nigga dont want yall"
1162,0,1,@NyJusDntGAF to late niggers died first
1163,0,1,RT @4550Empire: @QuintinMvP @_200_Soetan yea u know these lil bitches be stalking are twitter for they niggas&#128565;&#128514;&#128514;
1171,2,1,@erinscafe If I have to watch baseball I actually go for the Mets because Jon Stewart. And fuck the Yankees.
1174,0,1,"Don't know no ugly bitches, don't know no broke niggas. Don't know no snitch niggas"
1176,0,1,High then a hoe with bitch ass Benny
1180,0,1,@onedirectum fugly white bitch
1181,0,1,"@riwhey_000 I'm just kidding, I'm not a fucking faggot"
1184,2,0,Southwest airlines is like driving in a mini van with your white trash cousins who love to huff paint thinner before before working.
1187,0,1,@sbsylvester @hunterbuch66 @kieffer_jason y'all some pussy ass niggas
1198,2,1,&#8220;@therealiman: No one wants to see curvy women - Karl Lagerfeld&#8221; he retarded
1205,2,1,@bitchdicknigga yeah cum itch my slit baby cakes
1206,0,1,@Buckm00se all I remember was the fat bitch stealing the KFC bucket &amp; hauling ass
1216,0,1,"Oh well, you lil stupid ass bitch I don't fuck with Youuuuuu RT @HoldMyPurseGirl: Idfwu is a bitter ass song and only fuck niggas like it."
1222,0,1,Fuck u 2 bitch call the cops
1223,0,1,Now I seperate from niggas I don't trust niggas that ain't starve wit me and all the bitches I didn't fuc !
1226,0,1,@kuhnatekuhnite @studlydubly talkin' bout bitches gettin' butthurt am i right?!
1231,1,0,RT @iDntWearCondoms: Stop stalkin your girl social media u bitch ass nigga
1236,0,1,You little dumb ass bitch I dont fuck with you!
1238,0,1,"I hate females that push their asses out as they walk. You know you look like a retarded Flamingo, right?"
1241,0,1,RT @Bidenshairplugs: I'd like to issue a formal apology to Israel for our piece of shit anti-Semitic President and his retarded Secretary o&#8230;
1245,0,1,"RT @Bidenshairplugs: Number of women denied birth control by Hobby Lobby: 0

Number of Democrat retards butthurt by the verdict: 30,000,000&#8230;"
1251,0,1,@kieffer_jason I said your name bitch so yes you fuck boy
1259,2,1,U corn fly then bitch when it has no seeds and its lime green with full of Crystal all over
1262,0,1,Did you all hear this #bundy redneck? Someone should show him how niggas play.
1263,0,2,RT @halfricannnnn: Me and @Vin17Bricksquad are in our yellow submarine rn.. &#127754;
1273,0,1,@socass_ Patrick you ain't nottin but a hood Nigga top bitch nigga
1279,0,1,"RT @LalaCoutureeXO: ""if your gf/bf don't like or talk to that bitch/nigga, YOU don't talk to that bitch/nigga!"""
1280,0,1,"sarcastic cunt, yes"
1288,0,1,Cant wait! RT @StrictlyKeyz All niggas wanna do at 45 is pop Viagra and pop young bitches
1291,0,1,&#128514;&#128514; this white bitch think she miley cyrus &#128557;&#128557; http://t.co/lFfy5HvcNa
1293,0,1,Money make bitches fuck and niggas steal
1303,2,1,@BrandNewAndrew lmaooo roosters is hot trash bro u know it
1304,0,1,"@Marlon_N_Gaines I am brown, while you are black and ignorant, your stupidity makes me sick, typical thug looking nigger."
1322,1,0,"RT @MrzSixTrue: Ill break a Bitch down, like the pussy she is."
1336,0,1,@theshardyrebel cuz ur a sellout bitch fag
1338,0,1,these hoes be lying to us nigga
1344,0,1,@Fit4LifeMike @chanelisabeth shut up fuckin beaner
1348,0,1,RT @greyyygoose: @marsvalo @Cheesus85 shut up bitch lol
1349,0,1,"@marcostc__ niggas be pressed 4 pussy
it ain't nuthin
instead of worrying who dat bitch fucking 
why don't u get chu sum money"
1359,0,1,@alexiscarfield ya damn right nigglet! :D
1364,0,1,This hoe in here 6months pregnant man take yo ass home
1365,0,1,Fucc nicca
1366,1,0,Jai may make an appearance at the party... love that fag
1368,2,1,@NumbersDnt_Lie Yeah them hoes straight ima grab that light blue pair
1373,0,1,@_justlexis lol whatever. We're fags.
1380,2,1,@heydenbunsyolo @jordan536633 @bird_lovin bitch no u not u look like a full breaded cracker
1384,0,1,I'm so mother fucken sexy. I have no time to be a retard.
1391,2,1,All a nicca want is some Coney Island and Lous Deli tho! #DetroitNiccaInAtlantaProblems
1395,1,0,RT @_ChickenGeorge: DEAD!!&#128128;&#8220;@TAkeme2CHINA: &#128553; RT @PEagles14: When ur fuckin and her pussy stank but u have really good friends........... ht&#8230;
1399,1,2,"Speaking of ford and garland, I need to get my sub from there. And a job application. Lol killin 2 birds with one stone!! #merica"
1401,1,0,Little fucking gook who smells like shit. An than thinking they're the motherfuckin boss. THE FUCK!
1407,0,1,Riding wit my old dude .. Dis nicca bangin #FreshPrince #Summertime &#128514;&#128514;&#128563;&#128533;&#128559;&#9995;
1419,2,1,RT @ALMartinez32: &#8220;@100granHman: @IamMrEchols @ALMartinez32 &#128555;&#128555;&#8221;finding herself in the hoe section
1426,0,2,Little things can just kill a negros mood man
1430,0,1,Niccas be hating on my nicca Jeezy ... #RealTalk
1431,2,0,RT @Drizz_LakerKing: Horrible RT @YeIIowbang: Invader Zim was trash
1432,0,1,Tired of these butthurt @samsung commercials. Ya phones trash b.. We don't want em
1439,2,1,RT @RakwonOGOD: Rare pic of trash posing with trash http://t.co/usGIAZSDWv
1444,0,1,@Oskzilla niggah you gay!
1448,0,1,"Its like u want me to be the sideline hoe and dat shid ain't nvr finna happin while I'm well and living fuck dat I rather say fuck
It and u"
1463,1,2,RT @Ilovebamf: I held you like a baby bird.. &#128546; and now you come at me like this.. These friends ain't loyal &#128546;&#128557; http://t.co/WinZvfxdL8
1464,0,1,Gabby is such a hoe
1469,0,1,How can a woman take u serious when you're a hoe? I mean RT @BamaboyyBrandon: How can a nigga take you serious when youre a hoe? Lol like..
1480,2,1,@Chykalet naw u just retarded kinfolk lol
1485,2,1,"Take that and shove it up your ass, @KeithOlbermann #Yankees #DerekJeter"
1491,0,1,@ElJefeDeJefes4C damn bitches on a niggas mind haha
1496,0,1,Niggas cry when they get hit high and cry when they get hit low. NFL full of pussies now
1500,0,1,It stink in this bitch it must be them pussy ass niggas talkin shit
1507,0,1,RT @Keepingupw_jr: I respect those niggas who respect their girls &amp; dont pay them hoes no attention . Salute to you !
1508,0,1,Im a ghetto ass nigga you suburban
1511,0,1,RT @MrHeadLock101 Either bitches fake gay or fake happy
1515,0,1,RT @CuzzinTom: If Byron Leftwich fucks as hard as he throws then he kills bitches
1523,0,1,@MikeyDJaro haha 1. I would go for the S 2. Those fag colors are reserved for @JoeyTaormina
1524,0,1,@kieffer_jason nigga I was there at 5:42 I went to go get my homeboy and I texted u at 5:50 naw u a bitch
1525,1,0,@kittty_jpg @SteeZeyFLOW @nosfiend215 at least im not black bitch your parents left you in the mcdonalds parking lot after you were born
1534,0,1,You bitches that entertain all the attention you get from these niggas are the worst kind of hoes there is
1540,0,1,You're a dumb bitch. Wow.
1549,0,1,RT @LoveAmari_x: I would never be with someone that's afraid to tell niggas and bitches we're together. I look like a secret? Fuck outta h&#8230;
1560,2,1,@DanielM023 Hell na !! Hes a honky brah
1565,0,1,@XoXo__Angiee: Bruno fag boy you love me.
1567,2,1,6:07 AM .. Bout to match up wit dis nicca #DonnyDinero
1568,2,1,I'm a broke hoes dream Rich girls cream !
1570,1,0,@LexVan13 go back to nigeria faggot
1576,1,0,"Fuckkkkk!!! My nig a g tho, he gonna come back"
1579,1,0,@Steven_ratata bye youre a queer
1583,0,1,Grant bitches more than a 14 year old white bitch
1585,0,1,"RT @KyleKallgren: You can't please everyone. And you shouldn't. Nothing good comes from having people who say ""faggot"" as an insult on your&#8230;"
1588,1,0,"@Alicia112794 So basically you like the background music, fag."
1593,1,0,"Chill RT @PhillyTheBoss If I ever become president Imma ban Henny from America..... For a Day, just to see you negroes panic. ""gotcha bitch"""
1599,0,1,Yall black ass hoes aint east African
1602,0,1,@TheOnlyBDavey them bitches uggo as fuck too
1604,2,1,"Irritating reading ppl bitch abt smthng, yet offer shit for evidence to even support their slant. Simply complaining is the easy part."
1618,0,2,&#8220;@RaleighBeougher: dumb beaner&#8221; http://t.co/r0hABEQhSu
1629,1,0,@kiela_g_3 &#128514;&#128514;Alright fag what about this? http://t.co/5ht61NmjJ3
1637,1,2,"RT @RealSkipBayless: In their primes, MJ would have dominated LBJ in 1 on 1. Just so much mentally tougher. MJ's trash talk alone would unn&#8230;"
1639,2,1,Looks like the next douche bag #teabagger to be crowned governor is some ghoul named Ducey (rhymes with douchy) #azgov #azvotes #Tcot #gop
1643,1,2,"RT @DamierGenesis: i live for street glory and I die for ghetto fame. respect all, fear none my pride is everything...."
1644,1,0,"@iowahawkblog @jjauthor to ----&gt;@DavidMasciotra get past boot camp, and go active a few years, see what we REALLY do daily you liberal pussy"
1645,0,1,@Eba_sandman you mean bitch ass pussy
1651,2,1,WATCH: Excited ISIS Jihadis Getting Their Yezidi Sex Slaves On 'Distribution Day' http://t.co/n9ExnuVhKs #tcot #lnyhbt #pjnet #tgdn #gop
1660,2,1,RT @tupactopus: need a bad bitch who knows how 2 treat a pokemon master right
1661,0,1,"RT @jerrilyn71: ""@HistoryGoon: and also.pussy!..if my shit offends u..get off twitter..block me..and go suck a cock..."
1662,0,1,RT @TyrinFlyGuy: Niggas fufu &amp; bitches is too
1664,0,1,"Bitches be watching me from other bitches pages; THATS RIGHT BITCH , TEAM WORK &#128079;&#128079;&#128079;"
1675,0,1,@CMBGaming11 @BeechHD oh you mean like how you started to be a cunt to JP about something that has nothing to do with you?
1676,1,2,"RT @ohmyev: it's crazy. if a female cheats, it's so wrong. she's every type of hoe there is but if a guy cheats, there's all these justific&#8230;"
1681,0,1,RT @SomeoneBelow: The person below is a cunt.
1684,0,1,i want a dyke clique
1686,2,1,I think I figured out where white trash Americans come from: the rural parts of Europe.
1688,0,1,Happy birthday nig @Khyzzer1 ! Miss your black ass &#128514;&#128526; #TU
1693,0,1,"Nile... RT @JosephBananas I'm really sad that I don't have enough friends to ever be called ""a pack of niggers"" with. That's my fuckin dream"
1694,0,1,Fuuuuuck you you stupid fucking cunt
1695,0,1,@gmalko1 lmaooo fag
1697,0,1,RT @schooIgirI: I say nigger with love
1699,2,1,Told da nicca str8 up to his face whateva he got goin on I Want In..Guess he felt some type of way bout it
1707,0,1,@panchoftf I'm trying to catch diabetes so I'm fuckin a white bitch
1710,0,1,White people always gave yellow ass teeth
1711,2,1,"@MarkUdall2014 just got his pussy kicked, he's out, done, @CoryGardner wins, per Fox News.... #Election2014 #tcot #gop #teaparty #p2"
1718,0,1,Nigga pee wee is a bitch
1723,0,1,"@cristiannt_ wow I was like 12 or 13 fighting people in high school, then bitch unfollow me fuck nigga"
1725,2,1,slut. specky. albino lesbo. wannabe player. dwarf. #coolcunts #absoluteyvile
1730,2,1,Jon Stewart takes a crack at stupid teabagger moron Rick Perry and his gay/alcoholism commments http://t.co/fqcWZHMjom
1735,0,1,@Leelucas_ &amp; you got cancer hoe
1736,0,1,@BarbaraF321 @ThirtyBirdy wow and there are white people and there are crackers. Guess which one u are.
1744,1,0,ion speak on how flaw niggas and thirsty hoes be on I.g but boyyyyyy look at here &#128586;&#128586;
1749,0,1,"pussy,money,weed all a nigga need"
1751,0,1,draymond green a bitch ass nigga bruh
1762,0,1,Me calling bout a nigga &#128564; shit for the birds. &amp; then a nigga that ain't fucking me &#128514; I do not fucking care
1768,2,0,"Gotta love rednecks. Loud, stupid, stubborn, and full o schitt."
1772,0,1,RT @trix2343: @ZitlalyL @Vic_Manzan0 he's a beaner not a nigga
1777,0,1,@andrewzoudo @BlVckbricks I'm still gonna smack the fuck out them. They trying to act hard over twitter. Haha pussy ass niggas
1783,1,0,@Maxwell_Larsen your a cunt
1784,0,1,@delaney_guinan ol rachet ass bitch
1795,2,1,RT @dreaF_: &#8220;@VoiceOfDStreetz: Ross got Amber Rose naked these hoes ain't loyal wiz&#8221; that ain't Amber Rose tho
1797,1,2,"""Two roads diverged in a yellow wood, and I chose the one to J&#246;tunheimr""
- Robert Frost Giant"
1801,0,1,"RT @tupac_taughtmeh: ""@DivaMonRoe2uHoE: Somebody find this bitch &amp; fuck her. She ain't had no good dick fucking With this fat nigga. http:/&#8230;"
1804,1,0,@FuckBoiRik hahahaha youza fuck wigger
1808,0,1,All the Uchiha are. RT @ThatNiggaCris: Sasuke is probably the biggest faggot of all time
1810,0,1,RT @B_Laff: &#8220;@JRohrCockblock: im a faggot&#8221; @JohnnyRohrCock
1820,2,1,"RT @DamondDAWG: ""Peek a boo bitch, swag scare ya kids"" RT @Now_Thats_Fresh: What's Tyga's worst bar? #TygaBars"""
1823,2,1,"Danny Brown better put out more music before he ODs, that dude is out his fuckin bird"
1827,1,0,Burn bitch http://t.co/63FmrF0g5j
1830,0,1,RT @IamRicoLove: These hoes turn into contortionist just so u can see their ass &amp; their smile in the same picture. Smh! It's hard work thir&#8230;
1839,1,2,"White kids, black kids, yellow kids hell even purple kids, if you carry yourselves like Daniel #Geale you will go far. #GealeMundine2"
1845,0,1,"@CarelessOne92 he a real nigga tho, that bitch know her place"
1848,0,1,RT @mayra2563: I love me some down ass bitches.
1849,2,1,RT @tanaka_callen: @t_ndyy awwww my niggar thank you so much sure means a lot &#9825;&#9825;
1851,0,1,RT @lamLilDurk: Black girls hoes cause they fuck niggas for money revenge and dumb shit like that
1856,1,2,Has anyone ever purchased baseball field dirt? I really want dirt from @Yankees Stadium for my grandfather's grave. #weirdtweets
1857,0,1,"Fuck Staten Island, place is for pussies"
1858,0,1,That broad 7 days moe RT @OGFlash: What Earth is this? RT @IamRyanRaw: NIGGA RT @WhoisJayHall: Rihanna prolly the sexiest bitch on Earth
1862,0,1,"RT @07Cannon: ""Fuck you mean Macklemore trash nigger?"" http://t.co/NXPjPrhsbu"
1863,0,1,@BarneyFranken @jennykutner @Salon salon is is chuck full of butthurt liberal retards
1865,2,1,@jaredlikelndn monkey dong
1875,2,1,I hope you realize that your both retarded
1876,2,1,Haha Tanaka went Yankee. So sorry Bums!
1880,0,1,&#128128;&#128128; RT @monique504Q: &#128557;&#128128; &#8220;@ByeKandace: hop off hoe. RT @KekePalmer: Come on @KSTiLLS!!! &#128079;&#128079;&#128079;&#128079;&#128079;&#128079;&#128079;&#8221;
1883,0,1,Facebook is for fags
1891,1,0,Nah its You @NoMeek_JustMilz: &#128514;&#128514;&#128514;&#128514; yo i thought some1 photoshopped my face on that faggot smmfh...i hate yall http://t.co/5e2fkQ3Q2T
1895,0,1,&#8220;@kiaramariexo: &#8220;@1kRock_: boot up. http://t.co/czj5npIfKi&#8221; for u hoe niggas&#8221; so girls that take BC are hoes? &#128056;&#9749;&#65039;
1899,0,1,Dear whores: Don't tell me I can't dance when the only dancing you do is open your legs and shake your ass like a video ho to shitty rap.
1905,0,1,@alliemathews tweet but don't text back ok fag
1909,0,1,Good they trash RT @jerseyzbest74: Niggas ate most of my chips ahoy cookies and the cookies havent been in the house 20 hours yet
1917,2,1,Red Sox fans bitch the loudest about right field. Their hitters exempt from hitting them out too? #Yankees #YankeeStadium
1922,0,1,@WyattNuckels @DarienDaywalt hear that you dumb bitch he said no one likes you!!!!! #ohshitnigga
1931,2,0,You state it gook
1937,0,1,Is Moyles a retard lol? Starting Fellani instead ae RVP? Please come back Fergie #SirAlexFerguson #ManchesterUnited #ManchesterDerby #MUFC
1939,0,1,RT @LaVintageTribe: Getting all these checks like Nike I'm icy and yo bitch like me- dice soho &#127922;
1944,0,1,RT @itsDonLeach: You're still a pussy @BarackObama
1946,0,1,"Nah nicca, its to light to be my dark ass lol RT @swiper252: @VonshayeB and.i knowww thats your baby picture lol"
1956,1,0,You ain't gunna do shit spear chucker
1961,0,1,&#8220;@Adrianmayer99: Fucking pussy&#8221; @JosephNoonan2
1967,0,1,@MichaelGT03 little bitch
1970,0,1,"@heyrmbr I never played Halo, too busy slaying bitches"
1978,0,1,RT @SaucyJames: Go dumb bitch do your dumb dance
1979,2,1,@jesjosie Eff dem hos.
1988,2,1,Ole girl really told me she doesn't care if her boyfriend has hoes. This is what's wrong with our generation.
1989,1,2,Happy birthday to my pops. Old negro spiritual is 64 today lol
2000,0,1,@HoskinsTy96: White boy power bitch black power bitch
2002,0,1,@MLG_POLLUTE I'm gonna tell my friend not to buy your scuf now dumb chink frail pussy
2003,2,1,"Bad bitch, chest out......no wonder why Miss Righteous keeps on getting left out"
2006,2,1,RT @EricWithAHotDad: If you cant pass the asvab you might as well just go full retard
2012,1,0,@jayswaggkillah Is a fag
2016,2,1,Broke hoes always wanna argue u ain't ate all day were u get that energy from &#128514;&#128514;
2021,0,1,RT @iCumNpeace: Niggas talk more than bitches these days...
2023,0,1,Gabby's a bitch and has three accounts
2026,2,1,oh.... Trash you say... This trash gonna keep driving thru ky.. &#8220;@corey_emanuel: @LifeAsKing she's trash. Just gotta ignore her.&#8221;
2028,2,1,"RT @TbhMoose: a girl tweeted ""you might be ghetto if u bring food from outside into the movies""

no u might be stupid if u pay 4.99 for a b&#8230;"
2038,0,1,"Pic so confusing.. Looks like a dyke, but has a hoe pooci.. &#171;@Datjollygirl &#8220;@BTweekin: &#128553;&#128553;&#128553;&#128553;&#128553; http://t.co/88ThE7EZP7&#8221;&#187;"
2041,0,1,RT @BadAdviceDog: r u african because ur african bitch
2046,0,1,Did this bitch really just ask me do I have a badge to be in this building while going to my floor. White people just don't change at all.
2048,0,1,my eye don got lazy reading and looking at u bitches flawged and lie all day&#128564;&#128564; http://t.co/NI2OQv0Njd
2056,2,0,RT @Carlozxivir: @VocaToaster ching chong
2059,0,1,You know what fuck that bitch and you didnt react? girl it's me and you
2061,0,1,"RT @that1kidzi: Ohioans clowned on Kid like, ""It's sooo warm here! What the fuck is wrong with Minnesota?"" Well that bitch Karma teamed wit&#8230;"
2069,1,2,Yeah okay let's just put a fire cracker in a cow pie and see what happens
2071,1,2,RT @_JocelynB: Yu hoes just love to pump fake bout y'all lives on these social networks
2079,0,1,"RT @deno_5: ""hoooow bitch how"" &#128514;@UglyAssDerrick"
2080,2,1,RT @TomOlson8: @1Dittlinger That has redneck written all over it lol. Drunks can use gravity to get down &#128563;
2083,2,1,&#8220;@SlimThickChicks: &#128525;&#128525;&#128525;&#128525; http://t.co/qMhkkQH8hg&#8221;kid in the yellow is rock hard
2085,0,1,RT @TAXSTONE: Y'all bitches got to learn the difference between like and love
2108,2,1,RT @FunkyDineva: I have not watched part 2 of the reunion. I'm so over them hoes. I don't even care
2111,0,1,RT @DevyDevBlack: Yung Berg trying to fuck all these hoes.
2113,2,1,@grrizzIy @YUNGxSMBA the only place for a ho in the garden
2122,1,0,You know what fuck you too bitch your such a little hoe! &gt;.&lt;
2125,0,1,@zramsin @BetoDavidThomas go fuck your self pussy &#128536;
2127,0,1,Real nigga need a real bitch. Just somebody I can chill with.&#128107;&#10084;
2132,2,1,"' I just feel like my mouthpiece so cold &#1041185; I'll give lessons to every niggah that ever got turned down , for the low cost of $24.99 &#1043358; Hmu ."
2140,2,0,"Our people. Now is the time for the Aryan race 2 stand up and say ""no more"". Before the mongerls turn the world into a ghetto slum. 1488"
2144,0,1,"She say she want a nigga like me
But that bitch mad cause she can't be my wifey"
2148,2,1,RT @O_ShitItsLaura: With ma bitch c: @yadirasarmiento
2150,2,1,@KingLister10 @Sweet_Loveeee @_ItsCheese that shit chunky lol
2153,2,1,I got good credit. So my bitch credit gotta match mine
2156,0,1,I hate a ol fat disgusting Walmart working ass bitch.....
2160,0,1,whys this bitch wearing a striped tshirt and nike shocks
2166,0,1,@The_GreyFoxxx @TielerMLG @HalfAssed_ and you're a vegetarian pussy
2167,0,1,"RT @SteveStfler: White girls, if your black boyfriend doesn't call you 'shawty', then bitch you ain't that special."
2170,0,1,&#8220;@GUCCISAYBUR: if u say ur a mermaid it obviously means ur pussy is fishy&#8221;
2172,2,1,RT @divonte_photos: Momma said no pussy cats inside of my dog house.
2175,2,1,@SylviaObell girl that's all these hos need they don't care &#128514;
2179,0,1,"&#8220;@Amillinati_: Bro like I really enjoy like eating pussy from the back... It makes it more nasty, I like nasty haha &#128520;&#8221;you like eating ass 2"
2184,0,1,RT @zFearless: @Fadeaway_4s fuck a bitch and think of me
2188,0,1,Then i fuck yo bitch
2189,0,1,"RT @YABOYLILB: teacher: eyes on your own paper

me: bitch i only have eyes for da paper

*throws cash everywhere*"
2199,1,2,"eharmony just informed me that my soulmate is an 02 Sea Doo with a trash bag of Whataburger taquitos bungeed on top. Thx, Dr. Neil Warren."
2204,0,1,@SmeegBaby: Dese hoes be LYIN to all of us nigga
2209,2,0,"RT!
COMMENCE CARPET BOMBING! All #Iraq soldiers in this video http://t.co/7oLD2eDB1R executed by Jihadis from #Tunis http://t.co/02E1cEOE3z&#8221;"
2216,0,1,RT @raeleenehoe: I hate it when a bitch know I don't fuck with her &amp; she really trying to talk to me like we cool nahh bitch foh you don't &#8230;
2217,0,1,RT @ImaSavageBruh: bitch got me acting crazy as hell lately
2218,0,1,How are you gonna be a cunt to your friends
2221,1,2,"The ""Yanks"" Are Coming: From Disparagement to Pride http://t.co/HoELpcbBg6"
2225,0,1,RT @BigNorton: I tweet like a nigger
2231,2,0,Already more yellows than the last 2 years combined #IndyCar #Honda200
2246,0,1,@valeriaaa_111 nigger
2255,0,1,Fucking bitches never hit a nigga back up
2257,2,1,"&#8220;@garcialaura_: @Virgilio_LLA I was heartbroken tx inniz ho. Lmao&#8221; haha naw chill, you the one laughing at vdawg"
2265,0,1,@RnadJorell: Bruh im tired of niggas retweetin Miley Cyrus naked that bitch aint no types of bad lmaooo
2267,0,1,"Run that nigga, you don't want that nigga, but I need a bad bitch that's hotter than me"
2268,2,0,"Not All Straight Men - I am frustrated. Unlike on OKCupid, queer folks don&#8217;t have the ability to block... http://t.co/hBF2xZa0ke"
2269,2,0,The rich kids of beverly hills is trash and not even entertaining trash. And why do they all look mid thirties?
2277,0,1,RT @Justcallme_duh: karmas a bitch my nigga
2280,0,1,@iGivePussyCPR baker planted an M-80 in that bitch. When white guy lights the wick... &#128163;
2284,1,0,Stupid teabagger restaurant making customers pay 'Minimum Wage Fee' http://t.co/gJKXmzIIzS
2285,0,1,"So weird how the word ""cunt"" is offensive in other countries, yet in this country it's a reference to somebody.. Like ""who's this cunt?"""
2287,0,1,"Niggas be like when they see they side bitch cashin another nigga ""@MikeDiggEm: Hello mutha fucka......."""
2293,0,1,Haha I'll shoot you and that bitch I guess my gun is bi
2297,0,1,"Older black guy at factory
""I know none of these coons i work with tipped so here's $15.""
He was right too &#128514;&#128514;&#128514;"
2302,0,1,@GrizzboAdams @wyattnuckels ight this Friday nig
2304,0,1,@dannycatsteve because it's fucking retarded?
2307,0,1,"Yeah right, yeah right, this guys a faggot."
2313,2,1,"&#8220;@TreMelvin: hoes be like ""omg i love my new comb &#10084;&#65039;"" http://t.co/nuYjUx1SK3&#8221; thought this was Perro"
2320,0,1,"RT @RudebwoyRoscoe: Behind every REAL bitch, there's a bitch ass nigga that did her wrong but made her strong."
2325,1,0,Ebola sounds like a hood hoe
2326,0,1,RT @Skate808s: God all a nigga trust I can't trust that gun cuz if that bitch jam I'm fucked can't trust niggas they bitches got they dicks&#8230;
2327,1,0,@Sammytbh whats your youtube channel then faggot
2330,0,1,You niggas talking to these females trying to get some pussy but dont realize you're only boosting their ego and getting curved.
2331,0,1,My nigga so stiff but his bitch even stiffer &#128175;&#128107;&#128143;&#128074;.... Me that is &#128175;
2338,2,1,Chicago hoes love pink lipstick &#128530;&#128533;
2340,0,1,@i2ose is it full of niggers
2352,2,1,these hoes ain't loyal n these niggas ain't either!! fuck ah bitch get ah bird
2357,0,1,"i seen a nigga dressed to impress, hop out da bus n a bitch wit a phatty, get off at his stop too. Say somethin...GOD THROWIN U DA LOB"
2358,0,1,@BUKPSYCHODRAMA just followed me. On Vice Lord dats rns. I been listening to this nigga since 'Magic.' Almighty on you hoes!
2359,2,1,@iGivePussyCPR monkey &amp; his cigarette. He's dead serious &#128514;
2374,2,1,RT @skyereyes_: &#8220;@GinaSanabria_: I have no hoes man. I don't need those though &#128564;&#8221;&#128557;&#128557; I need to pick mines back up &#128553;
2381,0,1,@heyyayled dgaf hoe
2389,0,1,@SilverbirdUSA and retarded. Love is always retarded. #sentimental
2399,1,0,"Somebody please choke that fucking retard that keeps yelling ""mashed potatoes"". What a tool! #PGAChampionship"
2400,0,1,"RT @alex_mizz310: @Huntermoore why do you call most guys that talk shit to you ""fags"" then? You should use another word hypocrite."
2401,2,1,"@etellurian @vcortesusmc too many little whiney bitches in AMERICA. 
Someone to CRY about ANYTHING! 
IE: Kids MUST WEAR Bicycle Helmets!"
2404,2,1,"@DecodnLyfe @LupeFiasco @Larellj another black man? What does that have to do with anything? Once a monkey, always a monkey, Chicago idiot"
2410,0,1,Sold weed to a bitch who's gonna be a lawyer.. Bet she'll have a niggas back..
2411,2,1,RT @TweetLikeAGirI: Cinco de way ho http://t.co/cM9JHHK41Y
2412,0,1,See niggas they be mad and all these hoes go &#128584;
2418,1,0,&#8220;@medaOriginBitch: That one friend who you greet with an insult.&#8221; @MorbidMermaid @EvanBecker513 niggers
2419,0,1,"RT @_YourHoesStink: &#8220;@PizzaBeforeHoes: I hate a ""I'm my own WCW &#128129;"" ass bitch &#128514;&#8221;"
2426,1,0,I know righttt RT @dta_87: I hate fat loud bitches
2427,2,1,It's no wonder my titanium ankle is killing me. Woo retarded 'winter' weather! #texas #weather http://t.co/rrKxBwG1u4
2431,0,1,"My ""sister"" use to walk the blade EVERYNIGHT so the way I see it that bitch don't have NO PLACE to try &amp; tell me wtf I should &amp; shouldnt do"
2441,0,1,RT @BeeMsPerfect: Why y'all ain't tell me young thug nails look better then mine ? lol fckin faggot
2446,1,2,RT @Steven_ratata: @savanigga @CheersToKellin sav you are so nicee love you too twat! :)
2451,0,1,RT @DogBountyHunter: @WarMachine170 Hey Boy This half breed Chiricahua Apache is on YOUR ASS #Eatmytazer !!
2457,2,1,RT @IAmBobo_: What happened to the old wigga?? The gonorrhea one.
2458,0,1,RT @Colarbearr: &#8220;@HoesloveMyTweet: Niggas really be proud of having hoes. But how many of y'all gonna bring them dirty bitches home to your&#8230;
2462,2,1,I masturbated into the lingerie catalog out of spite. how dare she throw it in the trash before I get to look at it!
2468,2,1,"RT @G0ldenG0ddess: Turn up about to be real , marriott with my bitches for the weekend , mansion tonight , adult swim tomorrow &#128131;"
2469,0,1,@__sneakyb: I hate when boys deny that they have bitches &#128080;&#128553; smh
2472,0,1,@lenadunham Sick bitch nutjob
2473,2,0,So many hoes whipped you would have thought we were still in slavery
2474,0,1,Tf I'm acting like a sad ass bitch for ? Old Anthony coming back fashoo &#128076;&#128076;&#128076;&#128588; .
2477,0,1,Nigga gotta find them hoes quick
2481,2,1,I swear a nicca sleep but im up .. Tired as fuk!
2483,0,1,Fuck around wit me n my niggas n we'll turn dis bitch inside out
2495,0,1,"Bitch don't talk yo shit then, say you on papers when a bitch trinna get down &#9995;&#128514;&#128557; you a straight FAG BITCH foe dat. Scary ass hoe."
2498,2,1,"RT @TriggaTrav187: @Im_Yung_Jay working on diz music, be in studio soon nicca"
2499,2,1,Mane if dis nicca call me 1 mo time n say he Finna pull up but dnt pull up
2501,0,1,Seen niccas come up ... I seen niccas fall
2504,0,1,Fuck you bitch I have to fucking piss I take 30 seconds you take 5 fucking minutes &#128545;&#128545;&#128545;&#128545;
2505,0,1,I want me a coon ass girl lol
2507,2,1,I'm sick as fuck... this shit is for the birds
2508,0,1,i was emo ok emosquad2k10 get on my level bitch
2521,0,1,"I got my mind on my money, all I needs a bad bitch so I can ride round the city and spend this cash with"
2522,0,1,Fine ass fat bitch... #TwitterLurking
2538,0,1,"@Bitterchick 
Dat means get the fuck out hoe I be thinkin"
2543,0,1,RT @iAmLekan_: Lmaoo nigger is scared &#128540; &#8220;@Damolabond: So results are supposed to be out today Lol lol&#8221;
2551,2,1,yes good shapely eurotrash manbooty
2553,2,1,I'm a wigger
2558,2,1,"RT, If You Agree!
#NorthKorea says #barackobama looks like;
""A monkey, who belongs in an African zoo"" 
ROFL! http://t.co/tooV1uty6h"
2559,0,1,"I Was Down for A Minute , them bitches left a Nigga 
Them hoes forgot about me , like they neva met a nigga"
2576,1,2,@beth4158 no steak here either. No hurry on brownies. Just that picture u posted made me all but drool on my phone. :)
2586,0,1,"@SHanafin34 gotta love Tanner Country, hoes &amp; all,haha!"
2589,2,1,@KimW16 and the plastic surgery of a tranny.
2592,2,1,"I know how it feels to not have shit, believe me. I was born in the heart of LA. It don't get anymore ghetto than that"
2602,0,1,RT @iaintshitbruh: white bitches win again smh &#8220;@trackinBlackKev: i fucking hate you @MichelleDBeadle&#8221;
2604,0,1,RT @TerryisBetter: What faggot complained about stretch marks?!? My nigga them shits taste like the swirls on cinnamon toast crunch http://&#8230;
2609,0,1,@yelafox @_saharbabyy because hoes disguise themselves as real women
2617,1,0,@RabehChararah1 lmaoo what a fag
2632,0,1,Yo that nigga at #USC was lying &#128514;&#128514;&#128514;&#128514;&#128514; had y'all bitches calling him ya MCM and all how do u feel....ok back to you Bob
2636,2,1,That other shit for the birds . Get over yo self
2638,1,2,"@AlexAllTimeLow @JackAllTimeLow Please stay safe you guys! I love you so much, I hoe to one day meet you guys! happy Halloween :)"
2642,0,1,RT @Tip_It_In: #IfSheCantSuckTheDickRight slap it on her forehead.. The bitch needs a spankin.. discipline her ass &#128514;&#9995;
2644,2,1,"Lol faggot team pipe ""beef"""
2645,0,1,"Picture time outside of metro, fucking fags"
2656,0,1,Sesh with my n-words say it like a white kid yes my Kush is betta than yours u are a whore so please kill yo self fool bitch ass
2671,2,1,Brad Pitt is older than Charlie Sheen. What the fuckkkkkkkkkkkkk.
2679,2,1,RT @ObamaStrawman: Joan Rivers said I was gay and Michelle was a tranny. Perhaps her death was no accident. See Clinton's and Ron Brown/Vin&#8230;
2692,0,1,Every nigga trynna fuc the next nigga bitch not knowing his bitch is the next nigga bitch
2696,1,0,@saucygyro that was back when nigger music was decent
2701,2,1,"RT @CzarofSwag: To the retards chanting USA at the FC Dallas game, Kansas is in the USA."
2704,2,1,Welding with your shirt off is the redneck version of tanning lol
2710,2,1,Happy birthday pops aka old negro spiritual aka the man who said I was an accident. 64 never looked so&#8230; http://t.co/Igq8v6RIHH
2722,2,1,fuk you u stupid twat fuk upd dik suker and wipe that cum off ur lip
2725,0,1,"Fuck a nigga feelings, fuck a nigga bitch."
2726,0,1,@D_41395 bitch don't b a hypocrite
2727,0,1,People hate on da rig life but I love my baby more then a pussy ass nigguh
2730,0,1,&#8220;@coffincreepxx: @WhatAreOllies niggah you friendzoned&#8221; daaaaaaaam.. &#128532;
2732,1,2,RT @renz360: Got receipt ink on your soles? no problem. http://t.co/xYA7aLDUhU
2737,2,1,Lololol joey lattimes phone just called him retarded
2742,0,1,"Notice I don't make music for niggas that don't get pussy.-Drake
#LordKnows"
2748,0,1,fuck this fat mexican bitch.
2753,0,1,Drop dead gorgeous a bitch ain't dying for a nigga
2755,2,0,"RT @JihadistJoe: We Muslims have no military honour whatsoever, we are sub human savages that slaughter unarmed men, women &amp; children http:&#8230;"
2757,0,1,RT @YurUgly: Niggas these days will walk 10 miles to get some pussy. &#128557;
2767,2,1,RT @KrisDaRebel: &#8220;@Aye_Benny: Searching for these hoes I got &#128533; http://t.co/DsdfEjI65U&#8221; you ain't the only one Bruh http://t.co/c7R3WRcPK0
2772,0,1,"RT @vodkapapixo: ""@Weed_Cloudz: ""6 God"" by Drake is trash"" thank you"
2780,0,1,@Raul_leura @no_way_hoesaaay lmao that nigga was about to go Beethoven on that bitch &#128514;
2781,0,1,@marcostc__ you're right momma ain't raise no faggot
2783,0,2,Looks like a tool but is useful as a clay hammer #fag @hOPPondis http://t.co/K7wqlAWRwM
2802,1,0,Devin Hester's a bitch
2811,2,1,&#8220;@CelebovickOTF: I hate a bitch that like to argue n shyt....:-)&#8221;
2814,2,1,&#128514;&#128514;&#128514;&#128514; these folks so bad. I'm just here to talk trash.
2819,1,0,"RT @KxRxSxB: We all know that one person that could say anything and you just look at them thinking ""you're retarded, stfu"" #stupidBitches"
2828,0,1,"She got ass, this bitch got hips, this bitch got thighs. This bitch here fine, this bitch here bad, she all the way live."
2832,0,1,@HeilSidious @dyldobaggenss whatta you fags doin?
2833,0,1,RT @TrendingTopiic: Fat hoes. Belly shirts. Die now.
2834,1,2,@cnnbrk let me guess they have yellow cake too? Same crap different president
2841,0,1,@kieffer_jason @sbsylvester bitch what where y'all be at come to town east mall u and your bitch fuck boys
2842,0,1,ion trust these bitches and ion trust these niggas!!!
2844,0,1,"one time for the real niggas , two times for the bad bitches ."
2850,0,1,@thundercurlz yo ugly ass 4 eyes havin ass bitch
2852,1,0,go get left in a hot car and die bitch
2854,2,1,Why are #teabaggers so interested in saving people who are Muslim? Does Syria have oil? #morningjoe
2856,2,1,"#porn,#android,#iphone,#ipad,#sex,#xxx, | #Masturbation | A very hot black tranny is mastu http://t.co/OfGGMLXQAj"
2862,0,1,@keongetsbitches fag &#128155;
2864,2,1,RT @AngelGuapo23: @wigga32 can't dm wigga cause I can't even get a follow back &#128528;
2866,2,0,@pombuenaa I'm surprised you could read it with slits for eyes
2867,2,1,Pull up on a nicca #Bored
2874,0,1,@MeekMill u really got these coons out here dreaming
2878,0,1,errybody in dis bitch getting tips (whispers) errybody in dis bitch getting tipsy
2884,2,1,&#8220;@BEARly_sober Hoes really do b birds man &#128557;&#8221;this new to you?
2896,0,1,@kieffer_jason you dumb fuck that's not a fucking full address you dumbass I don't live in Plano so how the fuck would I know retard
2898,1,0,"I wonder if that Latino strategy is working?@TPM: GOPer doubles down on ""wetbacks"" but backpedals on ""shoot on sight"" http://t.co/QwlPxxsUIb"
2903,2,1,RT @SheswantstheD: when u and ur boys discover a hoe http://t.co/3tK3UsCLwd
2908,2,1,"I'm surprised I'm still at school tbh, I can be quite the retard at times. I'm either exceptional at a subject or absolute shiteee."
2916,0,1,@DickDankstardly did you smile like a retard when you were a kid? It took me till like 5th grade before I learned how to naturally smile
2919,0,1,Kinda RT @Peachpapayya: U mad friend?? RT @viaNAWF: Fat fucking funky nasty ass hoes
2937,2,1,You little twats.
2940,0,1,RT @NerdAtCoolTable: Soon as your girl see niggas pouring champagne on bitches ass she should want to leave
2945,0,1,"It's funny how these swaggot white boys wanna act like they're Ballin till it comes time to tip.
Sad ass crackers."
2946,0,1,I'm flexing on niggas and they bitches
2948,2,1,All you ofay got left is da Oscars. Better Enjoy dat before us colored folk get dat too!
2958,2,1,Salute a real nicca http://t.co/3fOYAYwLWS
2965,0,1,@demimariemorin well im sure im not fully retarded #imustbestupid:(
2972,2,0,"It happens AGAIN!! Black pack beats ""whitey."" This should make national news. http://t.co/izKoA2Xb"
2977,0,1,@kieffer_jason @hunterbuch66 @sbsylvester u fucking trailer trash
2990,0,1,That pussy crying for help
2994,0,1,You don't HAVE to say it. You showed yaself. RT @UptownRaised: Bitch nobody said I did now shut the fuck up that fat made you retarded @VofD
3000,0,1,@3CarryOnItems all them bitches far as fuck from us. We got el gran pollo up this way and it serves us well. @Lex_Gracie
3001,0,1,"Batter the wee cunt Jewis y cos he fucked my ex? Emma isnt battering the girls I've nailed?Ive moved on,stop being a pussy n do it urself."
3007,0,1,RT @XBL_NexXx: all these faggots posting faces about to get the hot unfollow
3010,2,1,Ayo twat boy I gotta new phone give me yo jack now @Jay050709
3011,1,0,We hate you too lil nicca! Lol RT @redfernave: I Hate The Steelers Dawg
3012,2,1,Bbl gonna go sob over gay bird babies.
3022,2,1,"RT @Faz____: I convinced hitler was a faggit, no bitches, no kids, all those leather uniforms, wanted to be alone with his closest men lock&#8230;"
3023,0,1,RT @LittleSavage_: oml i never questioned my nigga ab another bitch &amp; if the nigga ever said some shit like that! that nigga lied.
3034,2,1,"@NYRKelsMads @DArkMEATHOOK 
Dat colored guy be braisin"
3035,2,1,Ain't nobody up .. TL slick dead .. Other than the females bashing niccas early dis morning lol
3038,2,0,RT @FunSizedYogi: @TheBlackVoice well how else will white ppl get us to forget our horrific past other than to paint a pretty picture of ho&#8230;
3039,0,1,' Fuck her right in the pussy &#1041204;&#1041204;&#1041204;&#1041204;
3045,0,2,@ImSooooMad guess who's eating cracker b without you
3046,2,0,RT @ToyaMiani: The reason you called Jesus a monkey is because you knew he was not your color #Farrakhan#TheTime
3052,2,1,I looked retarded
3056,1,2,@McKinseey the grass is greener on the other side of the fence of course it's also a soggy septic field
3064,2,1,the Hitman Holla vs Charlie Clips match-up is bittersweet. shit's gonna be cold cus HITMAN HOLLA GONNA WORK but it's his last battle.....
3076,0,1,I'm lactose and hoe nigga tolerant
3081,1,2,Watching #Steelers colts getting blinded by the Steelers uniys look like bunch of bumblebees
3082,0,1,This bitch is crying http://t.co/Js8uldDzNl
3085,2,1,@yooocaly hahaha it makes sense hoe ;p
3097,0,1,RT @black_taco_: Wtf is boy pussy ? Lmao you atl nigga sick
3098,0,1,@Dommoneek: Little stupid as bitch I don't fuck with yoooooouuuu..
3103,0,1,That nigga Tannehill trash lmao Dolphins trash
3105,0,1,stupid cunts
3106,1,0,@AyeFuckWoody @coryburgess87 do i literally eat asshole for a living? is that what i actually do faggot? You seem a little confused..
3108,0,1,@MikeDiggEm my phone was dead fag man
3111,0,1,@HeavensWay_ 2nd and last time I'll ever call you that faggot
3113,0,1,@JacobbBacker @fucktyler Tyler isn't shit faggot go listen to some real music
3119,2,1,Raaaayciss bitch &#8220;@Sky_Max: Michelle Obama: African-Americans Should Vote for Democrats http://t.co/SL6TW6P39f via @Newsmax_Media&#8221;
3120,0,1,"You got dykes, I got the Vic's"
3140,2,1,just like girls can't be a hoe.... guys can't hit a girl back... it's a double standard that will forever exist....
3151,0,1,@CountryRedBelle I thought you'd get the hint that we know you're a fake cunt and delete your fake account.
3152,0,1,Winn Dixie is for real niggaz publix is for pussies
3160,0,1,RT @Ivan_splash: If you gotta talk shit about another nigga to get pussy you weaaak
3167,0,1,"RT @aivayePVUcheer: I can't stand a ""fuck these niggas"" ass bitch.."
3171,2,1,"RT @COD_PR0BS: Me: ""Yeah I think I'll get off early tonight and get a good nights rest. 

4:00am: ""Not tonight bitch, not tonight."""
3172,2,1,Cutler less skill at QB than a retarded quadriplegic
3175,0,1,RT @PurpleCaine: Somebody get my nigga. @Rvm3o some pussy cuz this nigga dont get no ass so imma need one of my hoes to slide in my nigga &#8230;
3176,0,1,She fuckin wit a young niggah
3182,2,0,RT @SalamanCode: Proof that thots are retarded. http://t.co/rHJSlL9i9f
3186,0,1,Why you fuckin wit a niggah if you aint fuckin wit a real niggah
3190,2,1,"Me and my nig @yungNAUGHTI be running shit in Miami on the court, we only lost one game in 3 days"
3200,0,1,RT @jillxoxo12: anxiety is such a cunt
3202,1,0,"RT @iowahawkblog: ""I love cripples! Look at all these fucking cripples! Goddamit I'm a people person!"" https://t.co/XCLA5xPmLX"
3203,0,1,You can't owe me shit I don't trust niccas!
3211,0,1,RT @SAMMI_boyden: @jizcalifuh it's a metaphor you dumb fucking nigger @savanigga &#128514;&#128514;&#128525;&#128525;&#128069;&#128069;
3215,2,1,@King_Shawn_6: @white_thunduh that's where I get my yellow flags for being amazing &#128079;&#128524; HELL YEAH NIGGY
3226,2,1,RT @_KingCorey_: &#8220;@skyereyes_: &#8220;@GinaSanabria_: I have no hoes man. I don't need those though &#128564;&#8221;&#128557;&#128557; I need to pick mines back up &#128553;&#8221;
3227,1,0,"RT @ghostattics: ""what can banks do to show engagement with the queer community?"" ""HIRE TRANS WOMEN"""
3231,0,1,RT @LouieVRee: If that nigga Santa come to the hood niggas gonna rob him for his sleigh and his ho ho hoes
3235,0,1,&#8220;@clzcdxx: im just a bitch ass elf&#8221; @MorbidMermaid
3256,0,1,&#128514;&#128514;&#128514;&#128514;&#128514;&#128514;&#128514;&#128514;&#128514;&#128514;@DaHomieFuzz: Gay niggas couldn't wait to act like bitches tonight
3257,0,1,@AlanMilner @Morning_Joe AlQueda doesn't use cell phones or the internet? Wow you #teabaggers are stupid
3265,2,1,@G_Babyrachi niccas dnt kno bout da art of finessin
3268,1,2,"@Wizards_DnD @JimZub tranny dragons, eh? I know some people that will love this!"
3271,0,1,"@jazminesmazmine dykes aren't even human tbh, like what empowered them to dress like a man but like bitches?? Some alien shit"
3275,2,1,"RT @GDKElijah: Ladies, if your pussy sounds like this please hit my DMs. I need you for a science project &#128064; https://t.co/XR0HgOld5m"
3278,2,1,RT @YELLitOUT_louud: &#8220;@_laTodd: &#8220;@Satisfied_x: &#8220;@S_hawn24: Y'all females love y'all a bum nigga or a jail bird..&#8221;!!!!&#8221;&#10071;&#65039;&#10071;&#65039;&#10071;&#65039;&#128553;&#128079;&#128079;&#128079;&#8221;
3281,0,1,"RT @arigold_88: You and yo bitch break up and she start ""lol"" at another nigga, she gone for good bruh."
3298,0,1,@tcthegreat1 it's yo fault taking a nig out everyday
3304,1,0,"@CHARLESBARRKLEY hey Sir house nigger, uncle tom aren't you from grand ole Mississippi, I rest my case!"
3307,0,1,"Not just exist, but contribute. And contribute to things they themselves enjoy. That often it's a queer person behind those products."
3313,2,1,"300 bitch we hot, we done took flight !"
3314,0,1,ion care who my niggas date b if the bitch make you happy and you cool with her then do you
3317,0,1,RT @JamesAndDaniel: You can only call the Janoskians faggots if you're a Janoskianator
3318,0,1,"Wow , that's a stupid bitch &#128514;&#128514;"
3323,0,1,Follow a nicca on IG: im_hollywood_jay
3327,2,1,"RT @EvanBecker513: ""@LifeAsStoner: Just hit it pussy http://t.co/3tZ7DyATFu"" @whattheflocka"
3329,0,1,&#8220;@abigayvazquez: @_Nicole214_ @TonyJetsFoo yeah he lowkey loves me he knows he's ma nigga &#128076;&#8221;we don't love these hoes
3331,2,1,"@dish_answers 
Ok. I guess you ain't colored so so don't know da channels?"
3332,2,0,RT @Cougar745III: this girl comes into class with fried chicken and pulls hot sauce out of her purse i mean come on how ghetto &amp; Stereotypi&#8230;
3335,0,1,"&#8220;@YungEthiopian: "" I got a natural mean face"" ""i be havin mean mugs and ion even be knowin"" bitch shut the fuck up&#8221;right"
3347,2,1,&#8220;@Cheddar85: Got the carburetor foyer my #chevy c10 being rebuilt by my #redneck friend ... everybodys got one!!&#8221; I need 1 they can build
3351,2,1,We're a good match cuz we both retarded...n weed
3357,0,1,Dumb ass bitch
3361,0,1,"you got niggas, and i got bitches."
3377,1,0,RT @imDOPE_GetHigh: @Whackko man some lame niggah when I find him I'm unfollowing TF out his ass!
3381,0,1,"Got ya crackas, spics, chinks, and carpet riders but no niggas MLK ain't fight for nothing #GimmeABlackEmoji"
3400,0,1,@WhoseAlisha that nigga spun around in the pussy.
3404,2,1,Lmaooo wait so why everybody talm bout card crackers?! I missed it
3405,0,1,RT @Nekkohbk: I love my sperm cells too much to waste it on a bitch with no hair
3417,0,1,"RT @Pusha_TeeWat: Niggas fight in the NBA and they're called ""ghetto"" &amp; ""don't know how to act"" but there's a brawl in NASCAR and nobody sa&#8230;"
3419,0,2,@ToWherever yay im a whitey :3
3433,2,1,"RT @djvlad: ""if your sis is a bitch, brother is a jerk,
leave 'em both alone and continue with your work"" - Q-Tip"
3434,1,2,@LaBugg09 &#128514;&#128514; my fault it sound like it fucc nicca
3443,0,1,"All you pussies is losers, all my niggas is winnin"
3446,0,1,Yay I'm a redneck piece of shit! #sorrynotsorry
3447,0,2,Sinai Jihadi Group Beheads 3 Accused of Being 'Spies of the Jews' http://t.co/3CDOsElI1k via @BreitbartNews
3454,2,1,RT @bender3395: I'm never playing flappy bird again ever fuck that game &#128581;
3467,2,1,RT @Antonio10_C: Yo mother(dedication hoe) - rich homie Tono feat. Childish Miguelito &amp; young patty.....coming soon #sorry4thewait
3473,2,1,@BobbyBotsods @MrMooncricket @FuckTheMallcops @UncleUnco no u eat it inbred trailer trash.
3475,1,0,"@midgetmadz shut your dirty dirt trap you limp knees, ashy footed, blue balls, isolated hamster wheel, no nipples bitch"
3483,1,0,Hey go look at that video of the man that found the kidnapped girls in Ohio........what a nigger - #shitmybosssays
3484,2,1,A nicca is hungry as fuk!!
3495,0,1,RT @Tylar____: @1stBlocJeremiah Shut up hoe ass nigga
3497,1,2,Charlie Baltimore look good for 45 &#128563;
3498,0,1,I don't live for you hoes man
3514,0,1,&#8220;@leynachristina: I'm driving myself insane.&#8221;fag
3527,0,1,Only the strong survive and you niggas is bitches
3533,0,1,RT @that_nigga_shad: @Visually_Gifted They sound like soulless cunts
3537,2,1,"RT @RickNothing: I love how ""twat"" is gender neutral."
3538,0,1,@AlexSchnider niiice my nigga schinder pullin hoes
3544,1,0,I can't fuck a scary hoe.
3545,0,1,@kieffer_jason @Kgokey17 plz come down here im really sick of your bitch ass talking shit plz come down here it going to be 1 on 1
3570,0,1,This bitch says she's got 150% in school... What the fuck is that bullshit
3577,2,1,"My nig been talking bout what he gonna be for Halloween since July, to excited!"
3588,2,1,The ghetto thuged out version of tree of life coming soon...
3595,0,1,@BrokenPiecesmsc: @ItsNotAdam faggot read my tweets after dat k it wasn't even funny lol
3601,2,1,@Hi__________Bye omfg or the other pics of the tranny lmao
3604,1,0,Yo bitch on my dick she come to my crib she get passed around no love
3606,2,1,RT @Faceyspace: *pours out 40 for the bitches that do hair and makeup every single day*
3610,1,2,RT @TideRecruits101: It's ok to trash talk....but I haven't seen any Bama fans wishing harm or injury towards LSU players.
3612,0,2,@IMNOTMAKINGITUP Hey u just followed me not long ago. Gonna nip that in da bud. like ur bio tho. U know the white devils stole our our
3613,1,0,@WaTch_Scenario Yeah so you better play with me ya nigger
3615,0,1,@T_FLYE lmaooooo bro you still got that shit you are a hoe we boxing when you come back nigga
3616,0,1,Only for one reason cause a bitch wont go gay . If your name nt smurf . I see noone
3617,2,0,@asshole_king pats owner is a kike.
3621,2,1,@ShenellyB lol u knw dem project bitches be having dem light brown roaches we call dem water bugs &#128514;&#128514;
3622,2,1,Sit the fuck down bitch RT @410_Mal: STFU RT @Thotcho: Y&#8217;all act like it doesn&#8217;t get cold in Denver.
3626,0,1,@WendyDavisTexas @GregAbbott_TX a judge that was appointed by obama who here doesnt see the agenda fucking crooked bitch
3629,0,1,@YoungRicooo: Happy birthday bitch nigga @WexicanAfro702 Thanks pal
3632,1,0,Elizabeth is a.stupid hoe.
3638,0,1,"RT @berto__9: Them trick niggas splurge on the pussy, yo
You give me one day, I'll purge on that pussy yoooo"
3654,2,0,Roman Catholics in the US are trash. They give Catholics in Europe a bad name.
3655,0,1,"bitch get out cha, bitch get out cha, bitch get out cha feelings.&#128079;&#127926; RT @bitemy_jordans: In my feelings... wtf"
3659,0,1,Pisses me of when I see these little liberal faggots wearing Che Guevara shirts. Move ur ass to Cuba. http://t.co/CUlwvpCpa7
3665,2,1,RT @LeeniePunkin: Man fuck flappy bird http://t.co/QKk26wYVfC
3670,2,1,"I give off the Selfish little bitch vibe, but if you get to actually know me I tend to put others before myself 24/7"
3674,2,1,"RT @erdikken: Where are They Now Fads 
Doc Martens -enjoying anal sex 
Girbaud -Posers, wiggers, fake bangers. Now accountants
Jncos -Domin&#8230;"
3680,2,1,Told ya months ago Charlie wasn't bullshittin.. Bevo is next
3686,0,1,Shoot dat nigga n his shordy bitch
3687,2,1,"RT @King_Lonnie_19: ""@TaeCocky: Rihanna is a talented hoe"" http://t.co/uL4ePHA2qy"
3697,0,1,"this bitch sounds like she's gettin raped by other.cats lmfaoo the.fuckkkk closing the window, whore cats"
3698,2,1,One thing I love about my relationship is we have an understanding that we don't like cute shit. Cute is for the birds.
3699,2,1,&#8220;@A_Brown_30: Lmao Dylan just got called a pussy by Mr O himself @wagggggie&#8221; takes skill &#128527;&#128170;
3706,0,1,I hate bitches. Thirsty ass bitches
3707,0,1,My po heart still beatin fast da way dat nigger scream into dat microphone. I felt like I be at da welfare office and cut da line
3710,2,1,Smashed a werewolf chick and thought she was related to @DominiquePurdy so I felt guilty but then later discovered he didn't know the ho
3715,2,1,yeah i got soul i was brought up by colored women.
3718,2,1,@wodaeeex3 bitch i juss askd yu uh question yo ole choppa bullet head ahh
3720,2,1,"Smh you dreamed I was a faggot? Wow RT @cocainemodel: My dream lmfao start from the bottom , up . @ItsNotHarold http://t.co/ng0GYWaehF"
3729,0,1,RT @22duces20: Happy birthday to my little ass cousin who doesn't remember who I am @1NOnlyDirtyMike hope it's a good one fag !
3732,0,1,RT @Sneakbo: Man like @Stormzy1 doing Hella things &#128175;&#128175;&#128175;&#128588; I gotta take my hat off to that nig!
3746,0,1,RT @NatexHate: Fuck that cock sucker hulk hogan put him in camel clutch fuck his ass make him humble #bitch
3748,0,1,RT @stillandru: White ppl will call Mexicans beaners and claim they taking their jobs but have sugar skull tattoos :-(
3753,0,1,"&#8220;@DavetheBrave1: Watching #AttackofTitan on @adultswim&#8221; bro you a HAN for stealing my tweet, bitch ass nigga"
3755,0,1,All deses bitches know that you're my nigga.
3759,0,1,@moyizzy naw negro
3765,2,1,"@GingerDemoness @jcapswgr 
All dem colored boys be sayin I dare baby daddy. I gots to protect my semen under da lock and key. And I wrap 2x"
3779,2,1,God my tweets are so ghetto
3780,2,0,"#VinitaHegwood can get a job at the naacp. Or as The AG. I hear they like ""diversity and tolerance"". As long as you ain't a cracker #tcot"
3787,2,1,I have such a horrible perspective of time. I think I might be retarded smh
3788,2,1,"""@VeronikaHumbert: Ultraviolence video, its coming you little bitch! #MTVHottest Lana Del Rey http://t.co/533fLbvWqh"" 

bitchy promo"
3801,2,0,"Twice divorced teabagger Florida Attorney General says marriage is reserved for 'stable, enduring family units' http://t.co/9ZWr3O33iu #wtf"
3807,0,1,fucking queer
3817,2,1,@showtimemajed @mauroranallo @joerogan Either trolling or retarded.
3819,2,1,RT @Bargamentoo: When you realize you sent the message to your wife instead of your side hoe http://t.co/Ef3OkLdrOg
3829,1,2,"RT @nobeynobe: ""@Markie__Marc: https://t.co/mXGcCcahSC"" trash"
3834,0,1,RT @Ra_Shia: Quotable RT @ChrissiBaxter: If my man ain't appreciating me this pussy DEFINITELY IS gonna end up in another nigga mouth. You &#8230;
3845,2,1,Is that a hawk? What the fuck kind of bird is that?
3850,0,1,RT @Buckm00se: @_WhitePonyJr_ @ivanrabago_ when i drink some beurs kid . plus ur a faggot anyways
3851,0,1,RT @x_Jimbo: Multi till I die bitch believe that...
3853,0,1,@Nick_504_ bitch who scarry am not backing down from no fuck nigga the fuck you talking bout hoe ass nigga stop dat talking and pull up
3863,0,1,all I eva wanted was some muh fuckin guala
3865,0,1,"RT @I_FloodsYaTL: ""@ZariaVonMars: Um http://t.co/Cuue9Vvc2M"" exactly how most of these hoes twat is setup..."
3868,2,1,@LifeAsBros: Charlie Sheen is too real http://t.co/gGGdK3kOV7 major fucking respect for Charlie Sheen.
3869,0,1,@kieffer_jason pussy nigga it's the same term
3879,0,1,U oversteppin u boundires as a sideline hoe
3882,2,1,@Max_Kellerman if it were close than we could bitch but that was going on 10 to zip on scorecards ... Rightful mercy stoppage
3885,1,0,"Well gahdamn. RT @HuhWhatsACondom: Wooooow &#8220;@moesdeph: ""Good job mommy"" cutest thing blue ivy ever done she still an ugly nigger baby&#8221;"
3887,0,1,He's going to be someone's bitch &#8220;@_Griot_: He bought to catch hell in cell block D. They fuck up men who are rapist and child molesters.&#8221;
3889,1,2,"@dolphrudager Nope, never taken neighbors actual stuff. Just wifi. Acct info in their trash cans at 3am. Super easy."
3890,1,0,@GossipCop Julie tell them crybaby blacks to get someone blk. and dress them up white faced......niggers always whining!
3900,0,1,"RT @_forevernee: I hate a copy cat ass bitch. Monkey see, monkey do ass bitch &#128544;"
3907,0,1,If a nigga phone broke best believe he only gon memorize his main bitch number or the bitch that's cash in him out number &#128175;&#128527;
3910,2,1,wow.... a bird just shitted on me
3914,0,1,"RT @Kerb_215: 1,2,3,4 how many niggers are in my store I knowwwww your stealing &#128514;&#128514;&#128514;, that vine still be having me weak"
3931,0,1,Don't know no ugly bitches! Don't know no broke niggas!--@Kevin_Gates
3932,2,1,"@Cam_Coles You don't know what I know. Name somebody colder, you monkey faced immigrant"
3933,1,0,@EvanDMyers @nineinchessoft you have a redneck attitude. The same people that think Benghazzi is real think Fox fake nws is real. Your one
3935,2,1,As good as Percy Harvin and Peyton on the same team sound&#8230; That&#8217;s so retarded lmao
3944,0,1,The most broke people have the most to say bitch nigga how can you afford to speak
3946,0,1,"imagine if white people said ""my honkey"" instead of ""my nigga"" lol"
3954,0,1,Thats the only thing a nigga ask forRT @IGiveEmNathan: Its some choosable bitches in here tonite
3958,0,1,RT @meldigio: Y'all look fucking retarded with y'alls pants down to your ankles.
3962,1,2,"Daniel, there's no cow tipping and hoe downs in Jackson... This city living lol"
3963,0,1,@zach_smith98 @kieffer_jason bitch stfu and get off my page
3971,2,1,"RT @jenebooks: @WhistGoddess i was about to be like ""r u queer"" but c'mon Jen do u even need to ask"
3975,0,1,@KimW16 so she's retarded?
3977,0,1,"Another nigga hoe is another nigga problem.
@JoseGuapo been had hits."
3979,1,2,"&#8220;@iamkrause: All I see in every #IfTheyGunnedMeDown tweet... http://t.co/XWmkac1Aw6&#8221;
Dis be like da colored Brady Bunch"
3980,0,1,RT @GoatRapLines: When Wale said.....nvm that nigga trash
3985,0,1,RT @brittanyaflores: you got niggas &amp; I got bitches &#128080;
3990,0,1,That's how you know who be lying about getting in the pussy..talking about tasting like water and fruit and shit..tf is that?
3999,0,1,@AyMrCarter niggas be on pussy shit
4001,1,2,At all my ritz crackers. Idk what to do with myself anymore.
4004,0,1,I remember when Milz drunk ass fell asleep while we where all playing Gears smh. What a fag
4005,0,1,Niggas be frontin for some pussy they ain't wit me!!
4011,0,1,Wait. What in the mudda cunt hypocrisy
4015,0,1,RT @TheFitGawd: &#8220;I don&#8217;t know why these bitches laughing. You not even funny my nigga&#8221; http://t.co/0IdY5oSkrf
4019,0,1,@BRO_HEN314: #Eaglesnation and every #Eagles need to see that pic I just posted because that bitch just said the most racist shit
4025,0,1,anybody on the team has permission to fuck my bitch @Royals
4027,0,1,RT @Steven_ratata: @savanigga warning shots are for pussies I'm just gonna gun you down! And steal your pink boots!
4029,0,1,"If we get any trick of treaters I will be giving out Android advice. So... stop on in, faggots"
4036,1,2,Whoooooaaa no chill savage &#8220;@CantBeLocal: Here monkey monkey http://t.co/wmZ8s3j6iG&#8221;
4050,0,1,RT @prettychels__: I hate a dumb bitch.
4055,0,1,RT @YatchakHannah: @aireekaTK stop crying you pussy
4059,2,1,I'm retarded hungover and all we had were beers. A lot of beers.
4073,2,1,"RT @Rockprincess818: Obama is Allowing millions of illegal aliens, drug cartels, and terrorists to enter our open borders...Liberal retards&#8230;"
4074,0,1,@Miikito_x3: Toto means ass or vagina?I think pussy cause toto santi is like nasty pussy
4078,0,1,Get this bitch off my TV bruh
4090,0,1,"@aaryneliza im 60 n I hate elissa, a fake ass cunt"
4092,0,1,Woman busting her ass to please you and you treat her like shit cuz you a immature ass lil boy. Yeah fuck all you hoe ass niggas.
4096,0,1,"@iamSHIRAQ ion have a FB, niggas on twitter ain't worried about me, &amp; them IG nigga foe EVERYBODY so try again &#128514; my BFFL got the hoes"
4100,0,1,@253hippy Bc she's a cunt hoe bag
4103,0,1,"If a teacher tried to throw me some pussy when I was in school, nigga I ain't sayin shit"
4108,0,1,That ass got a niggah hypnotized
4110,0,1,@BIackiechan @TheUncurvable @ToneDaGawd @CurtDatNigga lmfaoooo that's some fag shit man.
4118,0,1,@ratedtfxrtaylor text me queer bait
4122,0,1,"if you're only way of trying to make me feel bad is by calling me a fat bitch, whore, etc. then you should rethink your life."
4124,0,1,All these faggot fell asleep on me
4130,0,1,@VinniePolitan the cunt needs her hands cut off!!!!!
4136,0,1,"@jerryrscuba Bare ass me again, I cunt hear you"
4142,0,1,@ozwashere What the fuck is wrong with you. You can't call urself a man if u call a girl a bitch. Ur a fuckin loser bro
4143,0,1,RT @FuckHisTattoos: Niggas! Stop giving these hoes Attention! How About retweeting True beauty instead of retweeting these half naked MF.
4145,1,2,RT @kostaskarelis: Cincy fans talk trash about the city of #CLE and then root for the @Cavs like they belong. #stillCLE #CLEallday #GoBrowns
4152,0,1,my mother raised a cunt... lol
4155,2,1,Call me ghetto if you want but I'm walking to and from class with my bonnet on my hair.
4163,2,1,RT @ItsWaltBitch: meth brownies
4172,1,0,Alright ya faggots. Lets just stop with all the S/O and R/T. No one gives a fuck on what you think of other people. Probably lying anyways
4174,0,1,@BigD757 too bad hes a faggot
4175,1,0,RT @salomanizor: Too many faggots on here that think they can address me by my first name
4181,1,2,@slayerific13 @daisymcgarr Like I said.. I might have to check but I'm just not sure bird shot counts as getting shot.
4185,2,1,Charlie not fukin around in Austin.. Every week somebody getting kicked off the team.
4189,0,1,Or faggot RT @ez_taughtu: Guess he got caught saying nigga.
4200,0,1,Dumb ass bitch i swear
4217,1,0,Lemme find out that bitch nigga talking shit
4219,0,1,Wow I swear I'm gonna cunt punch you
4223,2,0,Is there a full moon out? #CrazyAssholes out in full force and I'm not talking about muzzies or liberals&#8252;&#65039; And I'm in the mood to oblige.
4224,0,1,A down bitch for a real nigga
4227,0,1,@isaabbellla yo nig your a cheeseball.
4229,0,1,MY. NIGGA!! RT @Lito_TheGawd: Feel good to not have no hoes. Yall can't even throw that charge my way no more.
4237,0,1,"RT @isneeze_Glitter: if you ate my pussy, don't ever try to disrespect me . Fck nigga i fed you &#9995;"
4238,0,1,"I respect any nigga that tell me he got a bitch , so I fall the fuck back no hating &#128175;"
4239,0,1,&#128072;never been a coon grew up with bokoo coons tho but never was 1 I did some coon shit tho
4249,2,1,"RT @mitchsunderland: Ezra Miller, an openly queer male, is playing the Flash, making him the first openly queer male to play a lead superhe&#8230;"
4257,0,1,@anniec0429 ugly white bitch
4258,2,1,Damn change change niccas
4261,0,1,Tf is a real twitter nigga/bitch y'all on this hoe tweekin
4266,1,2,&#8220;@__Black_Jesus: &#8220;@lil_aerii: Happy new year &#127882;&#127881;&#127881;&#127881;&#127881;&#127881;&#127881;&#127882;&#127882;&#8221; check yo clock Hun we got another hour lol..&#8221;they just did the lil count down thing
4267,0,1,No skimp shit here bitch
4275,0,1,u stupid bitch
4277,2,1,Why is it everytime I go to cracker barrel the girl with great tits that seats you who is your waitress nope its the chick with 2 teeth
4279,0,1,@AmericaAnti You're dismissed bitch. Not in the mood for fucktards this morning. #Blocked @Darknight420
4280,1,0,@garrett_winker wow u hoe is the term for women
4286,0,1,"RT @benjibrown1: A nigga can like ONE pic &amp; u bitches: ""S/O to _____ showing LOVE"".... Bitch kill yoself"
4288,1,2,@BNightengale @FeinsandNYDN Time for Ranger scouts to head out and watch some Yankee prospects. #rangers
4293,0,1,This nigga Magic Johnson got a Grade A faggot for a son &#128514;&#128514;.. He had to have done some terrible shit growin up lol..
4299,0,1,Only the strong survive and that nigga a pussy
4302,2,1,@BlizzyLC now that ur tour over come kick it with ya nig in the MIA....
4304,2,1,August alsina : ghetto &#128158;
4307,2,0,only lesbians get their nips pierced ew
4318,2,1,"@Wow_Bullet ""cuz i thought i got a wife, but i picked a hoe."" IM LOVIN THESE SONGS MAN. Keep it coming"
4320,0,1,even tho i killed a pussy nigga i hope he go to heaven -Young Thug &#128519;
4326,2,1,RT @AllFucksGiven_: @TrentonStewart them hoes was actin' up. You had to do it.
4340,0,1,"@Bitterchick @hellobaphomet 
Y'all be some crazy white bitches. I wants to lay down wit you bowf."
4343,1,2,"RT @dril: night time falls. im ""corie latin"" now. a man of intrigue. i place a bird feather into my glass of scotch and i never do posts ab&#8230;"
4348,0,1,"RT @Unnforgivable: Listen, cunt: Today ain&#8217;t yo day"
4350,0,1,Niggas spend $500 just to look good for a bitch they wouldn't even buy 99 cent burger for
4351,0,1,"I'll break any bitch nigga down, I don't care about your size."
4366,0,1,"&#8220;@21Cvasquez: My brother is a bitch, pussy, faggot, etc.&#8221; you just like getting beat up don't you?"
4373,0,1,@kieffer_jason nigga u just called me a bitch last time i check im a fucking nigga get out there and ill show u what a real fight like
4387,2,1,&#8220;@TrapFuhrer: When her nudes trash you gotta draw clothes back on her and send em back http://t.co/jX7Mc32BkV&#8221;&#128128;&#128128;&#128128;&#128128;&#128128;
4389,0,1,bad bitch bouncing on my pogo screamin yolo - that nigga juelz
4394,2,1,I wish hoes didn't bore me....I wouldn't have this problem and would shop at hoes r us every day...
4396,2,1,Marcus Colston so damn trash.
4397,2,1,@KeyshawnSwag lol nigga them look like a combo of trash in your house &amp; trash at the dump
4401,0,1,Them squirrels are faggots b RT @80sbaby4life #ThreesomeThursdays ? http://t.co/7xWOp3y2
4419,0,1,RT @Runyacheckup: Niggas and bitches gotta quit wit da money pics... If I can count it accurately it ain't enough &#128514;&#128514;&#128514;
4425,0,1,"RT @D0PESHIT0NLY: Bitches be having
No job
No future
No education
&amp; have the nerve to say ""all these niggas want is pussy""
Bitch cause that&#8230;"
4429,0,1,Fronting bitches get that I just got off the island dick. Then I never hit them up again because I'm a fronting ass nigga
4430,2,1,RT @jjauthor: US ghettos-driven by lib ideology;forged by unions&amp;bankrupted by self-serving Ds catering 2parasites! #tcot http://t.co/Ee2L5&#8230;
4437,1,2,@Progress4Ohio @msnbc @meetthepress Would not spend my money on trash like that!
4443,0,1,You fags hyped that shit up so much and I listen to it... Everything is GARBAGE
4444,2,0,It's unbelievable to me that there are Americans who refused to kill the okies. That means all Americans weak willed trash.
4448,2,1,I really wish I owned a rocket launcher to use on every retard driving in front of me today #roadrage
4453,0,1,@KatieFraaancis bitch nigga
4460,0,1,&#8220;@OsmanMasabah: Spitting on people just shows you weren't raised right. In another words it's a bitch nigga trait.&#8221; @VictorSmith90
4465,0,1,"@JPantsdotcom @Todd__Kincannon @the__realtony naaaaa, just popped across my TL, so I commented. But nice try faggot!"
4468,0,1,I don't need no savin' I need to get fucking high and get some pussy.
4476,0,1,If these hoes ain't lying about being fat they hiding a backpage profile some where...
4480,1,0,@TweetfrmtheSole it&#8217;s the entire pats bandwagon. They&#8217;re faggots
4482,1,2,RT @maycie32: @Whitecholo23 np big nig nig
4490,1,0,"RT @kwagiheath: It's ""Comfortable"" but niccas like me say ""Com-tha-ble""...smh"
4497,0,1,RT @ChivasGee: Fuck up you swole fag
4499,0,1,This bitch always got shit to say about what other people like
4500,0,1,CNT nobody be mad at who he choose to be with I can't be mad at no bitch its the nigga so hay
4513,0,1,Da bitch mouf was smellin like da porta potties at da mustang field &#128514;&#128514;&#128514;
4519,0,1,@Angllee2500 ain't nobody offending u fuckin peckerwoods I despise of a no good white ungrateful honkey
4522,1,0,RT @nick_pertile: Oh my goodness do I hate Chinese people. Fucking zipperheads
4525,0,1,RT @NikoWavy: If you know yo pussy smells like death why tf would you sit there an let a nigga finger you? Bitches have no shame man.
4530,0,1,hoes are always putting your self in a nigga situation y'all not going to be satisfied till you get your ass beat by a nigga.
4534,1,0,"fuck you you pussy ass hater go suck a dick and die quick - Someone, to me, in Youtube comments. I think we'd be good friends."
4547,1,0,bitches be like i'm mixed wit Italian Chinese nd African American I be like bitch just cuz you ate ur&#8230; http://t.co/ZdWd3l8M
4550,2,1,"RT @Matthops82: cc: Rosemary Lehmberg RT @ComedyCentral: &#8220;I'll show you how to chug a beer, motherf**ker!&#8221; #Beerfest http://t.co/1JNGk3MXfh"
4557,0,1,these bitches be wasting time on some ungrateful niggas
4563,0,2,@iStricer You are hairy like a monkey. : P
4565,1,2,RT @NavyAssLos: Hunter Hurt Helmsley RT @Rich_GMI: Cut the imaginary height shit. Most of the women tweeting about it sleep alone every nig&#8230;
4575,0,1,My dog just lifted her leg to pee. She's such a butch bitch.
4578,1,0,@OVOtilUOverDose @flossinlawson11 niggers*
4581,0,1,I miss Britt god damn bitch real nigga over here baby &#128129;&#128526;&#128588;&#128581;&#128175;&#128079;&#128584;
4588,0,1,Like I can't have niggas thinkin ho-tep talk time is apart of my party sets.
4592,0,1,@HeelsOverSneaks smh. U so retarded. Lol
4601,0,1,"@DJSuggablack some people do shit to get shot at and then be like ""people hate me, I dodge bullets"". Karma is bitch."
4604,0,1,"@kay_reneaa trust me, after i tweeted that i was like... Damn im a fag"
4610,0,1,Ion like the ho cause she talk to mf much with ha real butt ugly ass dumb young ass ho &#128553;&#128074;&#128522;&#128299;&#128591;&#128079;&#128530;&#9996;&#65039;
4615,0,2,RT @OGMarcusC: I hate stereotypes. Preconceived notions that black men are athletes or criminals.. Black women are ghetto and confined to t&#8230;
4620,0,1,Apparently not wanting to trade your Nitro M4 in CSGO makes you a collossal faggot.
4624,0,1,@PatrickQuelo: If yo girl cant have homeboys you a ol weak bitch ass nigga!
4625,0,1,@Andreaa_olvera shut the fuck up hoe ass bitch fuck squirtin ass cunt hoe
4628,2,1,"Dayum u gyp, u gone have mfs thinking im wiping my face w/pissy diapers n shyt grrrrrr"
4629,2,1,RT @tr4pb0y: when the pussy so good &amp; u forget to pull out http://t.co/653Te4sUhr
4632,2,1,Brooo Chinese sounds goooood then a hoe rn but my momma making carne con chile so I guess I'm gucci with that &#128527;&#128076;
4633,0,1,Nah fuck Bungie they ain't givng me nNO drops. Stingy ass niggas. RT @CaratCutClarity: You trash at destiny if you aint at least 25
4642,0,1,@BarackObama @MichelleObama omfg you elitist bitch no one cares what you think! go fuck yourselves are you in china anyway?
4643,0,1,RT @TommyReaINigga: All y'all dudes that just favorite this is a faggot smh
4648,2,1,@That1guyJeff thank you. I hate you. Eat poison. Fall down. Run face first into a wall. Yankees missed the playoffs.
4649,0,1,RT @Tweets2Sweet Or lack of &#8220;@HumbltonBanks Smh u niggers &amp; ur music knowledge&#8221;
4658,0,1,"Say it's all about the hoes when it's all about ou, even when I'm with my hoes, I tell em all about you"
4661,2,1,@Woahitsjulian whatchu doin today nig?
4669,0,1,"@freddurst shut up faggot, no one cares"
4674,0,1,If you tell a dyke she looks just like a nigga is that a compliment? I've always wondered that
4685,0,2,@mark_mac18 @sheppast @rianscalia groves is trash IMO
4687,0,1,"@IvanJ_Reyes, um no that only a fuck you bitch and done xavier will hopefully respect girls bc I am doing it alone and I don't want that"
4692,2,1,"Anyone want to share their thoughts on their mock draft?? Just kidding. SHUT YOUR FILTHY DAMNED MOUTH, YOU CLODS."
4709,2,1,"RT @iAmBitchassness: stop fucking calling these legends trash. Cuz the top artists of our generation ""take"" from the legends."
4718,0,1,@NexusAltase Fuck her right in the pussy
4730,2,1,#Shoutout to everybody that follow a nicca!!
4733,0,1,"RT @Griff_TheGreat: Drake said it best when he said ""Niggas act more like bitches these days!"""
4735,0,1,Bruhhhh hoes ass laws had to fuck up the fun &#128532;&#128532;
4738,1,0,@Kenny__Wright @itsfrankybitch @yoPapi_chulo so if your 17 and in high school you dont have your own house you fucking faggot
4739,0,1,"@TitsOfAnarchy 
I glads dis colored man cans be of soyvice fo da white man"
4741,0,1,For some reason I always assume guys who act like that in trucks have tiny dicks HAHA #fag
4750,0,1,but I didnt get a write up thank god lol dumb white bitch
4751,0,1,@TheRealKevinMcB Sauerkraut Saul is a punk ass bitch
4754,2,1,RT @JaredFayne_54: And apparently I sound like a country hick. Perks of being from Kentucky
4755,2,1,@ronniecaine no in the instrumental I'm not retarded -_-
4762,0,1,@Juice__2 nah you're a nigger
4767,0,1,RT @GBithc: This bitch think she cute and have all the guys over her hunny ur fake asf just like ur weave he dont even like u stfu
4768,0,1,"@The__Sweetest no shit you are, what euros would call a typical American, fat as fuck and goes to eat fast food all the time, dumb bitch."
4773,0,1,RT @DurtMcHurtt: I just want to fuck bitches and listen to Conway Twitty.
4780,0,1,Happy birthday to the biggest retard out there. Youre my favorite retard though @jennahnorberg happy birthday nigs
4782,0,1,RT @Kevin_McAdams: Stop being a little bitch and #fuckherrightinthepussy
4788,2,1,RT @HakoSav: Bruh why am i always sooooooooooooooo tired but i never sleep i'm like a new species of retard no disrespect
4796,0,1,Puffy face hoes
4797,0,1,All my white school teachers back in elementary knew not to give me no pussy. I'm telling all of my niggas.
4803,2,1,Gov. Rick Scott Kicks Charlie Crist&#8217;s Ass http://t.co/x6kOQsVCUa
4810,2,0,"#SlightlyAdjusted RT @CapoToHeaven Alls niggers wanna do is fuck, tweet, and drink pineapple soda all day"
4812,2,1,RT @SoloDahSystem: As in rubbing her booty on another mans penis. Sure RT @PacDaGoat: Fellas you cool with your girl dancing with other nig&#8230;
4817,0,1,Real niccas relate fuk niccas perpetrate
4820,0,1,@MileyCyrus I want to suck your pussy
4822,0,1,"@jimachterfeld @mattabbatacola Like I said, pussies."
4835,0,1,RT @BenevolentDjinn: I hate seeing women carrying on about how they could fuck somebody's man. Ok??? Trashy ass bitch.
4836,2,1,@YunGMiGo @BigMoneyNiquee lol send dat nicca clean out talmbout some n what if he really is &#128514;&#128514;&#128514;
4842,0,1,"Aint no bitches here... Well, like 3"
4843,0,1,Fuck that bitch
4847,0,1,Fuck her pussy &#127814;&#128047; Fuck her mouth &#127814;&#128068; Fuck her ass &#127814;&#128169; &#128514;&#128514; cause she nasty
4848,0,1,RT @Midwestmiles: This hoe ass ref got hit and fined the fighters
4859,2,1,Hustling aint for everybody either .. Jus like certain niccas can't hoop or play football certain niccas can't hustle
4860,0,1,RT @cIavdia: wow well aren't you just a fucking cunt :)
4875,0,1,RT @_iForeign: You talking shit &#128567; But yo pockets ain't shit &#128169; Yo bitch ain't shit &#128169; Yo life ain't shit &#128169; nigga you just a ain't shit as nig&#8230;
4882,2,1,"RT @SexualTruth: I want to lick one lucky, HEALTHY, &amp; CLEAN woman's pussy tonight to totally change her life &amp; views about men forever!"
4883,0,1,"RT @CMPunk: @brandonspears because he was a cunt, Brandon. Don't be a cunt."
4885,2,1,"@LisaDeP Well, wouldn't coast YOU that much but I don't see you going bass fishing with a bunch of rich rednecks either."
4897,1,0,"Fuck you faggot ""@Aloha_Hoesss: Grow up RT @80sbaby4life I'm gonna be an old ass man STILL playing video games"""
4898,1,0,"Why people think gay marriage is okay is beyond me. Sorry I don't want my future son seeing 2 fags walking down the street holding hands an
599	4	1	3	0	1	Why u being such a little bitch chris you ain't six bitch"" - Allisons Mom"
4901,2,1,@RivenbarkYahoo @hale_razor jim Hogg county a dirt poor democrat leaning county.. Hebronville is it's seat. Been there it's a near ghetto
4911,0,1,bitch thats yo nigga &#128064; ....well you aint his bitch &#128514;&#128514;&#9996;&#65039;&#9996;&#65039;&#9996;&#65039;
4915,0,1,Are pet guinea pig is about to die this fucking blows :/
4926,0,1,@WyattNuckels I'm not fake bitch meet me after school then nigga
4928,0,1,That's why I tucked yo bitch u ignorant ass mother fucker
4929,0,1,@salsteelo @VictorLeaChavez that nigga Vic acting like he yellow bone with 15k followers and can't answer a nigga phone
4935,0,1,"2Pac was real af on ""Temptations"". Thats exactly how it be for niggas getting money and bitches"
4936,0,1,only like bitches ran for homecoming but like 20 running for prom
4938,0,1,"I dont give a single shit who you are, if you wear a suit and white cotton socks I am just going to assume you are functionally retarded."
4945,2,1,RT @ClassClownKJL: Those 2014 NBA All Star Jerseys look retarded...They look like the combo of a NFL jersey &amp; a FUBU jersey
4949,0,1,"RT @Toyaaa_K: ""If having hoes excite you, you still a lil nigga"" &#128581;"
4950,1,2,I couldn't press send. That tweet about anchor babies was even too raw for me.
4954,0,1,I got my dawg Norris some blue flames for his bday dat bitch couldn't even drink it.... but u no Pop alcoholic ass downed it
